Tipo via,Via,Codice via,count
ALZ,NAVIGLIO GRANDE,5144.0,2.0
ALZ,NAVIGLIO PAVESE,5161.0,4.0
BST,DI PORTA NUOVA,1062.0,1.0
BST,DI PORTA VOLTA,1066.0,3.0
CSO,15,9.0,1.0
CSO,BUENOS AIRES,2129.0,17.0
CSO,COLOMBO CRISTOFORO,5114.0,4.0
CSO,COMO,,
CSO,COMO,1111.0,5.0
CSO,CONCORDIA,3116.0,5.0
CSO,DI PORTA NUOVA,1044.0,2.0
CSO,DI PORTA ROMANA,402.0,16.0
CSO,DI PORTA TICINESE,541.0,3.0
CSO,DI PORTA VIGENTINA,4026.0,4.0
CSO,DI PORTA VITTORIA,3016.0,11.0
CSO,GARIBALDI GIUSEPPE,1010.0,10.0
CSO,GARIBALDI GIUSEPPE,1063.0,1.0
CSO,GARIBALDI GIUSEPPE,7121.0,1.0
CSO,GENOVA,5164.0,4.0
CSO,INDIPENDENZA,3118.0,3.0
CSO,ITALIA,526.0,7.0
CSO,LODI,4068.0,26.0
CSO,MAGENTA,604.0,10.0
CSO,MAGENTA,609.0,1.0
CSO,MATTEOTTI GIACOMO,218.0,3.0
CSO,MONFORTE,348.0,4.0
CSO,PLEBISCITI,3120.0,2.0
CSO,SAN GOTTARDO,5203.0,7.0
CSO,SEMPIONE,7137.0,8.0
CSO,VENEZIA,238.0,8.0
CSO,VENTIDUE MARZO,3074.0,12.0
CSO,VERCELLI,6193.0,9.0
CSO,VITTORIO EMANUELE II,214.0,5.0
FOR,BUONAPARTE,711.0,5.0
GLL,BUENOS AIRES,2146.0,2.0
GLL,PASSARELLA,303.0,2.0
GLL,SAN BABILA,360.0,1.0
GLL,UNIONE,510.0,5.0
LGO,BRASILIA,6145.0,1.0
LGO,CORSIA DEI SERVI,234.0,1.0
LGO,DEI GELSOMINI,5394.0,3.0
LGO,DELLA CROCETTA,654.0,1.0
LGO,DOMODOSSOLA,6140.0,1.0
LGO,F.LLI CERVI,2218.0,1.0
LGO,GIAMBELLINO,5395.0,1.0
LGO,MURANI ORESTE,3234.0,1.0
LGO,PROMESSI SPOSI,5415.0,2.0
LGO,RICHINI FRANCESCO,331.0,3.0
LGO,SCALABRINI GIOVANNI BATTISTA,5392.0,3.0
LGO,SCHUSTER ILDEFONSO,311.0,1.0
LGO,SETTIMIO SEVERO,6210.0,2.0
LGO,TEL AVIV,2639.0,2.0
LGO,TOSCANINI ARTURO,97.0,3.0
LGO,VULCI,1339.0,3.0
LGO,ZANDONAI RICCARDO,6485.0,1.0
PAS,DUOMO,102.0,1.0
PLE,ARDUINO,6365.0,1.0
PLE,BACONE FRANCESCO,2100.0,2.0
PLE,BAIAMONTI ANTONIO,7235.0,1.0
PLE,BARACCA FRANCESCO,6180.0,2.0
PLE,BIANCAMANO,7083.0,1.0
PLE,CADORNA LUIGI,601.0,4.0
PLE,CANTORE ANTONIO,5103.0,2.0
PLE,CHIESA DAMIANO,7164.0,1.0
PLE,CORVETTO LUIGI EMANUELE,4174.0,1.0
PLE,CUOCO VINCENZO,3163.0,1.0
PLE,DATEO,3119.0,1.0
PLE,DI PORTA LODOVICA,4039.0,1.0
PLE,F.LLI ZAVATTARI,6537.0,3.0
PLE,FERRARA,4158.0,2.0
PLE,GAMBARA VERONICA,6593.0,1.0
PLE,GIOVANNI DALLE BANDE NERE,6614.0,1.0
PLE,GIULIO CESARE,6361.0,1.0
PLE,GORINI PAOLO,3170.0,1.0
PLE,GOVERNO PROVVISORIO DI LOMBARDIA,2331.0,1.0
PLE,ISTRIA,1347.0,3.0
PLE,LAGOSTA,1155.0,4.0
PLE,LAVATER,2155.0,1.0
PLE,LORETO,2264.0,2.0
PLE,LUGANO,1238.0,3.0
PLE,MACIACHINI CARLO,1361.0,4.0
PLE,MARTESANA,2707.0,1.0
PLE,MARTINI FERDINANDO,3219.0,3.0
PLE,NIGRA COSTANTINO,1236.0,1.0
PLE,PERRUCCHETTI GIUSEPPE,6632.0,1.0
PLE,SIENA,6616.0,5.0
PLE,STAZIONE DI PORTA GENOVA,5120.0,2.0
PLE,SUSA,3101.0,3.0
PTA,BOSSI MAURILIO,116.0,1.0
PTA,GIORDANO UMBERTO,345.0,1.0
PTA,PATTARI,299.0,1.0
PZA,ADIGRAT,3286.0,1.0
PZA,AMATI CARLO,6629.0,1.0
PZA,ANGILBERTO II,4278.0,1.0
PZA,ARGENTINA,2233.0,1.0
PZA,ASPARI DOMENICO,3173.0,2.0
PZA,ASPROMONTE,2246.0,3.0
PZA,BAZZI GIOVANNI ANTONIO,6102.0,2.0
PZA,BELFANTI SERAFINO,5270.0,1.0
PZA,BETTINI LIONELLO,6653.0,1.0
PZA,BOLIVAR SIMONE,6129.0,3.0
PZA,BONOMELLI GEREMIA,4150.0,2.0
PZA,BORROMEO,631.0,1.0
PZA,BRUZZANO,1655.0,1.0
PZA,BUOZZI BRUNO,4221.0,1.0
PZA,CAIAZZO,2259.0,3.0
PZA,CARRARA FRANCESCO,5258.0,1.0
PZA,CARTAGINE,3327.0,1.0
PZA,CASTELLI POMPEO,7277.0,2.0
PZA,CHIARADIA ENRICO,4252.0,3.0
PZA,CINCINNATO,2125.0,1.0
PZA,CINQUE GIORNATE,3053.0,4.0
PZA,DE ANGELI ERNESTO,6276.0,9.0
PZA,DEI MERCANTI,546.0,1.0
PZA,DEI VOLONTARI,7143.0,1.0
PZA,DEL DUOMO,1.0,1.0
PZA,DEL ROSARIO,5088.0,1.0
PZA,DEL TRICOLORE,3047.0,1.0
PZA,DELLA REPUBBLICA,1055.0,5.0
PZA,DELLA TRIVULZIANA,1765.0,1.0
PZA,DERGANO,1500.0,2.0
PZA,DUCA D'AOSTA,1200.0,1.0
PZA,FERRAVILLA EDOARDO,3125.0,1.0
PZA,FIDIA,1144.0,1.0
PZA,FORTUNATO GIUSTINO,1576.0,1.0
PZA,FRATTINI PIETRO,5389.0,2.0
PZA,FUSINA ANDREA,3300.0,1.0
PZA,GASPARRI PIETRO,1647.0,1.0
PZA,GERUSALEMME,7201.0,1.0
PZA,GRAMSCI ANTONIO,7205.0,5.0
PZA,GRANDI GIUSEPPE,3112.0,5.0
PZA,GRECO,1417.0,3.0
PZA,GUARDI FRANCESCO,3312.0,2.0
PZA,IMPERATORE TITO,3216.0,3.0
PZA,INSUBRIA,3221.0,1.0
PZA,LEGA LOMBARDA,7084.0,1.0
PZA,LIMA,2135.0,2.0
PZA,LUIGI DI SAVOIA,2260.0,3.0
PZA,MELOZZO DA FORLI',6619.0,1.0
PZA,MIANI GUGLIELMO,5308.0,3.0
PZA,MINNITI TITO,1133.0,1.0
PZA,MISSORI GIUSEPPE,525.0,1.0
PZA,MONTE FALTERONA,6558.0,3.0
PZA,MONTI GIOSIA,6332.0,2.0
PZA,MORBEGNO,2289.0,2.0
PZA,NAPOLI,5131.0,6.0
PZA,OBERDAN GUGLIELMO,2108.0,3.0
PZA,OBERDAN GUGLIELMO,2182.0,1.0
PZA,OSPEDALE MAGGIORE,1523.0,1.0
PZA,PEREGO GIOVANNI,7531.0,1.0
PZA,PIO XI,572.0,3.0
PZA,PREALPI,7300.0,2.0
PZA,QUATTRO NOVEMBRE,1199.0,1.0
PZA,RISORGIMENTO,3117.0,2.0
PZA,SAN FEDELE,203.0,2.0
PZA,SAN GIUSEPPE,1442.0,2.0
PZA,SAN LUIGI,4145.0,1.0
PZA,SAN NAZARO IN BROLO,353.0,1.0
PZA,SANT' AGOSTINO,5091.0,3.0
PZA,SANT' AMBROGIO,643.0,2.0
PZA,SANTA FRANCESCA ROMANA,2183.0,1.0
PZA,SANTA MARIA DEL SUFFRAGIO,3078.0,1.0
PZA,SCHIAVONE ANDREA,1250.0,2.0
PZA,SCOLARI ROSA,6579.0,2.0
PZA,SEI FEBBRAIO,6358.0,3.0
PZA,SICILIA,6266.0,2.0
PZA,SIGMUND FREUD,1705.0,1.0
PZA,STUPARICH CARLO,6468.0,1.0
PZA,TIRANA,5378.0,1.0
PZA,VELASCA,335.0,2.0
PZA,VESUVIO,6110.0,1.0
PZA,VIGILI DEL FUOCO,2710.0,1.0
RIP,DI PTA TICINESE,5150.0,6.0
SIT,DELLA GUASTALLA,3015.0,1.0
VIA,ABAMONTI GIUSEPPE,3135.0,3.0
VIA,ABBAZIA,1310.0,1.0
VIA,ACCADEMIA,2429.0,1.0
VIA,ACERBI ENRICO,1651.0,2.0
VIA,ADIGE,4216.0,5.0
VIA,ADRIANO PUBLIO ELIO,2410.0,3.0
VIA,AGNELLO,209.0,1.0
VIA,AGNELLO,1018.0,1.0
VIA,AGUDIO TOMMASO,7197.0,1.0
VIA,AJACCIO,3246.0,1.0
VIA,ALBANI FRANCESCO,6399.0,3.0
VIA,ALBERTI LEON BATTISTA,7167.0,2.0
VIA,ALBERTINELLI MARIOTTO,6561.0,2.0
VIA,ALBERTO DA GIUSSANO,6188.0,1.0
VIA,ALBRICCI ALBERICO,337.0,3.0
VIA,ALCIATI AMBROGIO,6814.0,1.0
VIA,ALCUINO,7165.0,3.0
VIA,ALDINI ANTONIO,7461.0,2.0
VIA,ALDROVANDI ULISSE,2145.0,1.0
VIA,ALEARDI ALEARDO,7209.0,1.0
VIA,ALESSI GALEAZZO,5169.0,1.0
VIA,ALGAROTTI FRANCESCO,1161.0,1.0
VIA,ALSERIO,1153.0,2.0
VIA,ALTAMURA SAVERIO,6576.0,3.0
VIA,AMADEO GIAN ANTONIO,3228.0,8.0
VIA,AMEDEI,529.0,1.0
VIA,AMORETTI CARLO,7340.0,1.0
VIA,AMPERE ANDREA MARIA,2428.0,4.0
VIA,ANACREONTE,2372.0,1.0
VIA,ANDEGARI,120.0,1.0
VIA,ANDO' FLAVIO,7283.0,1.0
VIA,ANDREA E PIETRO CASCELLA,4387.0,1.0
VIA,ANFITEATRO,1012.0,1.0
VIA,ANFOSSI AUGUSTO,3071.0,6.0
VIA,ANGELO DELLA PERGOLA,1137.0,1.0
VIA,ANGELONI LUIGI,1659.0,3.0
VIA,ANGERA,1395.0,1.0
VIA,ANGUISSOLA SOFONISBA,6609.0,2.0
VIA,ANSELMO DA BAGGIO,6782.0,3.0
VIA,ANTONELLO DA MESSINA,6594.0,1.0
VIA,ANTONINI GIACOMO,4250.0,1.0
VIA,ANZANI FRANCESCO,3076.0,2.0
VIA,AOSTA,7227.0,1.0
VIA,APELLE,2454.0,1.0
VIA,APPENNINI,7514.0,4.0
VIA,APPIANI ANDREA,1050.0,1.0
VIA,ARBE,1352.0,4.0
VIA,ARCHIMEDE,3086.0,6.0
VIA,ARCO,714.0,1.0
VIA,ARENA,5182.0,2.0
VIA,ARESE FRANCESCO,1186.0,1.0
VIA,ARGANINI GEROLAMO,1710.0,2.0
VIA,ARGELATI FILIPPO,5152.0,1.0
VIA,ARIBERTO DA INTIMIANO,5092.0,1.0
VIA,ARICI CESARE,2464.0,2.0
VIA,ARIMONDI GIUSEPPE,7179.0,2.0
VIA,ARIOSTO LODOVICO,6184.0,2.0
VIA,ARISTOTELE,2488.0,4.0
VIA,ARNO' RICCARDO,3230.0,1.0
VIA,ARNOLFO DI CAMBIO,7230.0,2.0
VIA,ARONA,7169.0,1.0
VIA,ARQUA',2366.0,1.0
VIA,ARSIA,7472.0,2.0
VIA,ARZAGA,6674.0,2.0
VIA,ASELLI GASPARE,3167.0,7.0
VIA,ASIAGO,2459.0,2.0
VIA,ASSIETTA,1540.0,1.0
VIA,ASTESANI ALESSANDRO,1558.0,6.0
VIA,ASTICO,2462.0,1.0
VIA,ATENE,2371.0,1.0
VIA,AUSONIO,5093.0,3.0
VIA,BAGAROTTI MAFFEO,6585.0,1.0
VIA,BAINSIZZA,5213.0,2.0
VIA,BALBO CESARE,4208.0,1.0
VIA,BALDINUCCI FILIPPO,1267.0,4.0
VIA,BALDISSERA ANTONIO,2164.0,1.0
VIA,BALESTRIERI DOMENICO,7116.0,2.0
VIA,BALILLA,5207.0,1.0
VIA,BARABINO NICOLO',4287.0,1.0
VIA,BARACCHINI FLAVIO,356.0,3.0
VIA,BARDELLI GIUSEPPE,2578.0,1.0
VIA,BARI,5218.0,4.0
VIA,BARONI COSTANTINO,5422.0,5.0
VIA,BARRILI  ANTON GIULIO,5324.0,1.0
VIA,BASSI PAOLO,1320.0,1.0
VIA,BASSI UGO,1143.0,2.0
VIA,BASSINI EDOARDO,2587.0,2.0
VIA,BATTAGLIA NATALE,2268.0,1.0
VIA,BATTISTI CESARE,3019.0,3.0
VIA,BATTISTOTTI SASSI LUISA,3273.0,4.0
VIA,BAZZINI ANTONIO,2427.0,1.0
VIA,BEATO ANGELICO,3204.0,1.0
VIA,BECCARIA CESARE,307.0,1.0
VIA,BELINZAGHI GIULIO,1318.0,1.0
VIA,BELLARMINO ROBERTO,5337.0,2.0
VIA,BELLERIO CARLO,1551.0,1.0
VIA,BELLEZZA GIOVANNI,4067.0,2.0
VIA,BELLINI GENTILE,5387.0,3.0
VIA,BELLOTTI FELICE,3070.0,2.0
VIA,BENACO,4143.0,3.0
VIA,BENADIR,2380.0,1.0
VIA,BENEFATTORI DELL'OSPEDALE,1522.0,1.0
VIA,BENELLI SEM,7497.0,1.0
VIA,BENGASI,2375.0,1.0
VIA,BERGAMO,3189.0,7.0
VIA,BERGOGNONE AMBROGIO DA FOSSANO,5130.0,5.0
VIA,BERRA DOMENICO,2526.0,2.0
VIA,BERTANI AGOSTINO,7112.0,1.0
VIA,BERTELLI LUIGI,2358.0,1.0
VIA,BERTINI GIOVANNI BATTISTA,7207.0,1.0
VIA,BERTOLAZZI CARLO,2662.0,1.0
VIA,BERUTO CESARE,2586.0,1.0
VIA,BESSARIONE,4152.0,2.0
VIA,BETTI UGO,7517.0,3.0
VIA,BEZZECCA,3075.0,1.0
VIA,BIANCHI MOSE',6385.0,2.0
VIA,BIELLA,5305.0,2.0
VIA,BIGLI,224.0,2.0
VIA,BINDA AMBROGIO,5298.0,3.0
VIA,BINDA AMBROGIO,5236.0,1.0
VIA,BIONDELLI BERNARDINO,4236.0,2.0
VIA,BIONDI EZIO,7186.0,3.0
VIA,BIRAGHI LUIGI,1332.0,1.0
VIA,BISI ALBINI SOFIA,1349.0,1.0
VIA,BISLERI FELICE,6501.0,1.0
VIA,BIUMI PAOLO GEROLAMO,2465.0,3.0
VIA,BIXIO NINO,3133.0,3.0
VIA,BOBBIO,5107.0,1.0
VIA,BOCCACCIO GIOVANNI,6158.0,6.0
VIA,BOERI GIOVANNI BATTISTA,5083.0,1.0
VIA,BOIARDO MATTEO MARIA,2323.0,2.0
VIA,BOIFAVA PIETRO,5341.0,3.0
VIA,BOLZANO,2312.0,1.0
VIA,BONCOMPAGNI CARLO,4182.0,3.0
VIA,BONFADINI ROMUALDO,3341.0,3.0
VIA,BONGHI RUGGERO,5247.0,3.0
VIA,BONI GIACOMO,6098.0,11.0
VIA,BONNET NINO,1109.0,3.0
VIA,BONVESIN DE LA RIVA,3087.0,1.0
VIA,BORDIGHERA,5265.0,1.0
VIA,BORDONI ANTONIO,1180.0,1.0
VIA,BORGONUOVO,139.0,1.0
VIA,BORSI GIOSUE',5237.0,2.0
VIA,BORSIERI PIETRO,1128.0,2.0
VIA,BOSCHETTI ERASMO,1309.0,1.0
VIA,BOSCOVICH RUGGERO,2131.0,6.0
VIA,BOTTA CARLO,4069.0,2.0
VIA,BOTTEGO VITTORIO,2521.0,1.0
VIA,BOTTESINI GIOVANNI,2567.0,1.0
VIA,BOTTICELLI SANDRO,3203.0,1.0
VIA,BOVISASCA,1607.0,1.0
VIA,BOVISASCA,1109.0,1.0
VIA,BRA',2542.0,1.0
VIA,BRACCIO DA MONTONE,7128.0,1.0
VIA,BRAGA GAETANO,1308.0,1.0
VIA,BRAMANTE,7123.0,2.0
VIA,BREDA ERNESTO,2342.0,1.0
VIA,BRENO,4149.0,1.0
VIA,BRIOSCHI FRANCESCO,5243.0,6.0
VIA,BRIOSI GIOVANNI,3209.0,1.0
VIA,BRISA,637.0,2.0
VIA,BRIZI EUGENIO,4186.0,1.0
VIA,BROCCHI GIAN BATTISTA,2562.0,2.0
VIA,BROGGI GIUSEPPE,2150.0,3.0
VIA,BROLETTO,720.0,2.0
VIA,BRONZINO,2191.0,2.0
VIA,BRUNACCI VINCENZO,5241.0,2.0
VIA,BRUNELLESCHI FILIPPO,5384.0,2.0
VIA,BRUNO CASSINARI,4386.0,2.0
VIA,BRUNO GIORDANO,7130.0,1.0
VIA,BRUSUGLIO,1550.0,3.0
VIA,BRUZZESI GIACINTO,5388.0,4.0
VIA,BUDUA,1342.0,1.0
VIA,BUGATTI ETTORE,4353.0,2.0
VIA,BUONARROTI MICHELANGELO,6253.0,2.0
VIA,BURLAMACCHI FRANCESCO,4077.0,1.0
VIA,BUSCHI AVERARDO,2575.0,2.0
VIA,BUSSETO,4372.0,1.0
VIA,CABELLA BARTOLOMEO,6778.0,3.0
VIA,CABELLA BARTOLOMEO,6828.0,2.0
VIA,CACCIALEPORI,6557.0,2.0
VIA,CACCIATORI BENEDETTO,6305.0,3.0
VIA,CADAMOSTO ALVISE,2152.0,1.0
VIA,CADIBONA,3339.0,2.0
VIA,CADORE,3077.0,7.0
VIA,CAGLIERO GIOVANNI,1407.0,3.0
VIA,CAGNOLA LUIGI,7228.0,1.0
VIA,CALDERA,6194.0,1.0
VIA,CALIFORNIA,6101.0,4.0
VIA,CALVAIRATE,3225.0,2.0
VIA,CALVI PIETRO,3083.0,3.0
VIA,CALZECCHI TEMISTOCLE,3241.0,2.0
VIA,CAMERINI EUGENIO,2551.0,1.0
VIA,CAMINADELLA,551.0,3.0
VIA,CAMOZZI GABRIELE,6769.0,1.0
VIA,CAMPERIO MANFREDO,610.0,2.0
VIA,CANDIANI GIUSEPPE,1242.0,2.0
VIA,CANDOGLIA,1518.0,1.0
VIA,CANNERO,1506.0,1.0
VIA,CANONICA LUIGI,7121.0,6.0
VIA,CANOVA ANTONIO,7238.0,1.0
VIA,CANTONI COSTANZO,1234.0,1.0
VIA,CANTONI GIOVANNI,6206.0,1.0
VIA,CAPECELATRO ALFONSO,6575.0,11.0
VIA,CAPPELLINI ALFREDO,2130.0,1.0
VIA,CAPPONI PIER LUIGI,6249.0,3.0
VIA,CAPPUCCIO,634.0,1.0
VIA,CAPRI,6761.0,1.0
VIA,CAPSONI SIRO,1652.0,1.0
VIA,CARABELLI RODOLFO,4096.0,4.0
VIA,CARACCIOLO FRANCESCO,7182.0,1.0
VIA,CARCANO FILIPPO,6389.0,2.0
VIA,CARCANO GIULIO,5248.0,2.0
VIA,CARDINALE MEZZOFANTI,3277.0,3.0
VIA,CARDUCCI GIOSUE',602.0,6.0
VIA,CARETTA ANNIBALE,2241.0,1.0
VIA,CARLI GIAN RINALDO,1563.0,2.0
VIA,CARLONE CARLO ANTONIO,6846.0,1.0
VIA,CARNEVALI ANTONIO,1268.0,2.0
VIA,CARNIA,2395.0,2.0
VIA,CARONCINI ALBERTO,4093.0,1.0
VIA,CAROZZI GIUSEPPE,6661.0,1.0
VIA,CARPI EUGENIO,2557.0,1.0
VIA,CARROCCIO,5094.0,2.0
VIA,CASARSA,1577.0,2.0
VIA,CASATI FELICE,2122.0,5.0
VIA,CASCINA BAROCCO,6695.0,3.0
VIA,CASCINA BELLARIA,6744.0,2.0
VIA,CASCINA BIANCA,5454.0,2.0
VIA,CASELLA GIOVANNI BATTISTA,7382.0,3.0
VIA,CASORETTO,2420.0,10.0
VIA,CASSINIS GIOVANNI BATTISTA,4309.0,2.0
VIA,CASTALDI PANFILO,2119.0,14.0
VIA,CASTEL MORRONE,3185.0,3.0
VIA,CASTELLANZA,7548.0,1.0
VIA,CASTELVETRO LODOVICO,7195.0,1.0
VIA,CATALANI ALFREDO,2425.0,3.0
VIA,CAVALCANTI GUIDO,2286.0,1.0
VIA,CAVALERI LUDOVICO,6845.0,2.0
VIA,CAVALLOTTI FELICE,312.0,1.0
VIA,CAVEZZALI FRANCESCO,2335.0,1.0
VIA,CELESTINO IV,540.0,1.0
VIA,CELIO,6623.0,4.0
VIA,CELLINI BENVENUTO,3081.0,1.0
VIA,CENISIO,7184.0,19.0
VIA,CERADINI GIULIO,3109.0,1.0
VIA,CERNUSCHI ENRICO,3051.0,1.0
VIA,CERVA,314.0,2.0
VIA,CERVIGNANO,3218.0,3.0
VIA,CESARE DA SESTO,5101.0,5.0
VIA,CESARI ANTONIO,1603.0,1.0
VIA,CESARIANO CESARE,7113.0,3.0
VIA,CHAVEZ GIORGIO,2365.0,1.0
VIA,CHIANCIANO,1488.0,1.0
VIA,CHIANCIANO,1315.0,1.0
VIA,CHIANCIANO,1446.0,1.0
VIA,CHIARELLI LUIGI,7519.0,1.0
VIA,CHIESE,1627.0,1.0
VIA,CHINOTTO EDOARDO,6631.0,1.0
VIA,CHIOGGIA,2317.0,2.0
VIA,CHOPIN FEDERICO,4297.0,1.0
VIA,CIAIA IGNAZIO,1294.0,2.0
VIA,CIARDI GUGLIELMO,6574.0,2.0
VIA,CICERI VISCONTI LAURA,3220.0,2.0
VIA,CICERONE  MARCO TULLIO,1294.0,1.0
VIA,CICOGNA MOZZONI CARLO,1676.0,1.0
VIA,CILEA FRANCESCO,7526.0,2.0
VIA,CIMABUE GIOVANNI,6466.0,1.0
VIA,CIMAROSA DOMENICO,5107.0,1.0
VIA,CIMAROSA DOMENICO,6291.0,1.0
VIA,CINO DA PISTOIA,1445.0,2.0
VIA,CINQUE MAGGIO,7459.0,2.0
VIA,CIRCO,557.0,1.0
VIA,CIVITALI MATTEO,6569.0,8.0
VIA,CODARA GIUSEPPE,5174.0,1.0
VIA,COL MOSCHIN,5211.0,2.0
VIA,COLA DI RIENZO,6094.0,6.0
VIA,COLA MONTANO,1139.0,1.0
VIA,COLAUTTI ARTURO,1356.0,1.0
VIA,COLLECCHIO,6459.0,1.0
VIA,COLLETTA PIETRO,4078.0,1.0
VIA,COLONNA MARCO ANTONIO,7158.0,3.0
VIA,COLONNA VITTORIA,6284.0,4.0
VIA,COLUMELLA LUCIO GIUNIO,2399.0,1.0
VIA,COMPAGNONI GIUSEPPE,3096.0,2.0
VIA,CONCA DEL NAVIGLIO,5180.0,1.0
VIA,CONCHETTA,5239.0,2.0
VIA,CONCILIO VATICANO II,7356.0,2.0
VIA,CONSOLE MARCELLO,7278.0,3.0
VIA,CONSOLE MARCELLO,6400.0,1.0
VIA,CONTE ROSSO,2667.0,2.0
VIA,CONTE VERDE,1505.0,1.0
VIA,COPERNICO NICOLO',1204.0,3.0
VIA,CORREGGIO,6287.0,6.0
VIA,CORRENTI CESARE,555.0,4.0
VIA,CORRIDONI FILIPPO,3020.0,1.0
VIA,COSSA PIETRO,3066.0,1.0
VIA,COSSERIA,5197.0,1.0
VIA,COSTA ANDREA,2276.0,4.0
VIA,COSTANZA,6237.0,1.0
VIA,COTTOLENGO SAN GIUSEPPE,5375.0,1.0
VIA,CREMA,4061.0,7.0
VIA,CRESCENZAGO,2396.0,4.0
VIA,CRESPI PIETRO,2296.0,4.0
VIA,CROCEFISSO,587.0,2.0
VIA,CUCCHIARI DOMENICO,7224.0,4.0
VIA,CUNEO,6281.0,1.0
VIA,CURTATONE,4034.0,1.0
VIA,CUSAGO,6785.0,1.0
VIA,CUSANI,719.0,3.0
VIA,CUSTODI PIETRO,5199.0,1.0
VIA,CUZZI GIUSEPPE,7258.0,1.0
VIA,D'ADDA CARLO,5272.0,4.0
VIA,DAL POZZO TOSCANELLI PAOLO,2516.0,1.0
VIA,DAL RE MARCANTONIO,7381.0,3.0
VIA,DALL'ONGARO FRANCESCO,3287.0,1.0
VIA,DANTE ALIGHIERI,612.0,1.0
VIA,DARWIN CARLO ROBERTO,5238.0,1.0
VIA,DAVANZATI BERNARDO,1284.0,1.0
VIA,DE ALESSANDRI GIOVANNI,6196.0,1.0
VIA,DE AMICIS EDMONDO,574.0,7.0
VIA,DE CRISTOFORIS CARLO,1120.0,3.0
VIA,DE FILIPPI FILIPPO,2159.0,2.0
VIA,DE MARCHI EMILIO,1418.0,2.0
VIA,DE MARTINO EMILIO,1693.0,1.0
VIA,DE PRETIS AGOSTINO,5431.0,2.0
VIA,DE ROSSI GIOVANNI BATTISTA,7401.0,1.0
VIA,DE RUGGIERO GUIDO,5442.0,3.0
VIA,DE SANCTIS FRANCESCO,5322.0,3.0
VIA,DEGLI ARCIMBOLDI,522.0,1.0
VIA,DEGLI ETRUSCHI,3227.0,1.0
VIA,DEGLI IMBRIANI,1266.0,8.0
VIA,DEGLI OMENONI,233.0,2.0
VIA,DEGLI OROMBELLI,2579.0,2.0
VIA,DEGLI UMILIATI,3347.0,1.0
VIA,DEGLI ZUCCARO,5390.0,2.0
VIA,DEI BENEDETTINI,6813.0,1.0
VIA,DEI BIANCOSPINI,6711.0,3.0
VIA,DEI CARAFA,1504.0,2.0
VIA,DEI CINQUECENTO,4283.0,5.0
VIA,DEI CONTARINI,3172.0,1.0
VIA,DEI FIORDALISI,6710.0,3.0
VIA,DEI FONTANILI,4224.0,1.0
VIA,DEI GRIMANI,6097.0,2.0
VIA,DEI MARTINITT,6336.0,1.0
VIA,DEI PANIGAROLA,4284.0,1.0
VIA,DEI TRANSITI,2284.0,2.0
VIA,DEI TULIPANI,6713.0,3.0
VIA,DEI VALTORTA,2324.0,1.0
VIA,DEL BOLLO,568.0,2.0
VIA,DEL DON,596.0,4.0
VIA,DEL FANTE COSIMO,5192.0,1.0
VIA,DEL FUSARO,6258.0,1.0
VIA,DEL LIRI,3370.0,1.0
VIA,DEL MAINO GIASONE,6262.0,1.0
VIA,DEL MELLA,6416.0,1.0
VIA,DEL PASSERO,6801.0,1.0
VIA,DEL RICORDO,2496.0,3.0
VIA,DEL TORCHIO,556.0,5.0
VIA,DEL TURCHINO,3337.0,6.0
VIA,DEL VECCHIO POLITECNICO,2101.0,2.0
VIA,DELL' ALLODOLA,6660.0,1.0
VIA,DELL' ASSUNTA,4274.0,1.0
VIA,DELL' UNIONE,521.0,2.0
VIA,DELLA CAPINERA,6659.0,3.0
VIA,DELLA CHIESA ROSSA,5321.0,1.0
VIA,DELLA COMMENDA,3146.0,4.0
VIA,DELLA FERRERA,5451.0,1.0
VIA,DELLA MOSCOVA,1016.0,7.0
VIA,DELLA MOSCOVA,1018.0,1.0
VIA,DELLA PALLA,586.0,1.0
VIA,DELLA SILA,2433.0,1.0
VIA,DELLA SPIGA,226.0,2.0
VIA,DELLA TORRE,2322.0,3.0
VIA,DELLE ANDE,7496.0,2.0
VIA,DELLE ASOLE,578.0,1.0
VIA,DELLE BETULLE,6828.0,5.0
VIA,DELLE ERBE,713.0,1.0
VIA,DELLE FORZE ARMATE,6643.0,25.0
VIA,DELLE FORZE ARMATE,6620.0,1.0
VIA,DELLE PRIMULE,6716.0,1.0
VIA,DELLE STELLINE,6337.0,1.0
VIA,DERNA,2376.0,3.0
VIA,DESIDERIO,2565.0,1.0
VIA,DESIDERIO DA SETTIGNANO,6395.0,1.0
VIA,DEZZA GIUSEPPE,6108.0,1.0
VIA,DIOTTI BENEDETTO,6753.0,1.0
VIA,DISCIPLINI,585.0,1.0
VIA,DOGANA,341.0,3.0
VIA,DOLCI CARLO,6555.0,2.0
VIA,DOLOMITI,2334.0,1.0
VIA,DOMENICHINO,6383.0,4.0
VIA,DOMOKOS,6630.0,1.0
VIA,DON BOSCO,4144.0,4.0
VIA,DON RODRIGO,5416.0,1.0
VIA,DONATELLO,2214.0,5.0
VIA,DONIZETTI GAETANO,568.0,1.0
VIA,DONIZETTI GAETANO,3030.0,1.0
VIA,DRAGO MARIA,7464.0,1.0
VIA,DUE GIUGNO,6787.0,1.0
VIA,DUGNANI ANTONIO,6223.0,1.0
VIA,DURAZZO,2658.0,1.0
VIA,DURER ALBERTO,6602.0,1.0
VIA,DURINI,313.0,1.0
VIA,EDOLO,1217.0,7.0
VIA,EGADI,6235.0,1.0
VIA,ELBA,6243.0,1.0
VIA,EMANUELE FILIBERTO,7168.0,2.0
VIA,EMO ANGELO,2518.0,2.0
VIA,ESTERLE CARLO,2368.0,1.0
VIA,EUSTACHI BARTOLOMEO,2165.0,7.0
VIA,F.LLI ANTONA TRAVERSI,7354.0,3.0
VIA,F.LLI BEOLCHI,6738.0,1.0
VIA,F.LLI BRONZETTI,3089.0,5.0
VIA,F.LLI CAMPI,3060.0,1.0
VIA,F.LLI FRASCHINI,4355.0,1.0
VIA,F.LLI GABBA,314.0,1.0
VIA,F.LLI INDUNO,7217.0,2.0
VIA,F.LLI LUMIERE,2308.0,1.0
VIA,F.LLI RUFFINI,6163.0,2.0
VIA,F.LLI ZANZOTTERA,6733.0,1.0
VIA,F.LLI ZOIA,6306.0,2.0
VIA,FAA' DI BRUNO EMILIO,4095.0,4.0
VIA,FABRIANO,1642.0,2.0
VIA,FACCHINETTI CIPRIANO,3365.0,2.0
VIA,FACCIOLI CESARE,6772.0,1.0
VIA,FALCK ENRICO,7438.0,1.0
VIA,FALCONE,520.0,2.0
VIA,FANFULLA DA LODI,2364.0,1.0
VIA,FARA GUSTAVO,1183.0,5.0
VIA,FARINI CARLO,1114.0,15.0
VIA,FARNETI RODOLFO,2169.0,1.0
VIA,FARUFFINI FEDERICO,6286.0,4.0
VIA,FATEBENEFRATELLI,144.0,3.0
VIA,FAUCHE' GIOVANNI BATTISTA,7192.0,7.0
VIA,FELTRE,2652.0,3.0
VIA,FERABOLI ACHILLE,5421.0,3.0
VIA,FERMIGNANO,1607.0,1.0
VIA,FERRARI GAUDENZIO,5167.0,1.0
VIA,FERRIERI ENZO,6367.0,3.0
VIA,FERRUCCI FRANCESCO,7150.0,2.0
VIA,FEZZAN,6677.0,2.0
VIA,FIAMMA GALVANO,3079.0,2.0
VIA,FIAMMA GALVANO,3279.0,1.0
VIA,FILIPPINO DEGLI ORGANI,3162.0,1.0
VIA,FILZI FABIO,1190.0,12.0
VIA,FIUGGI,1693.0,1.0
VIA,FIUGGI,1328.0,2.0
VIA,FIUGGI,1318.0,1.0
VIA,FOGAZZARO ANTONIO,3187.0,2.0
VIA,FONSECA PIMENTEL ELEONORA,2325.0,2.0
VIA,FONTANA,3058.0,2.0
VIA,FONTANELLI ACHILLE,1641.0,1.0
VIA,FOPPA VINCENZO,6109.0,8.0
VIA,FORNARI PASQUALE,6592.0,2.0
VIA,FORNI GEROLAMO,1677.0,1.0
VIA,FRA' CRISTOFORO,5413.0,1.0
VIA,FRACASTORO GIROLAMO,2471.0,1.0
VIA,FRANCHETTI RAIMONDO,2115.0,1.0
VIA,FRAPOLLI LUIGI,3288.0,2.0
VIA,FREIKOFEL,4367.0,1.0
VIA,FRESCOBALDI GEROLAMO,2254.0,1.0
VIA,FRISI PAOLO,2190.0,1.0
VIA,FRIULI,3199.0,8.0
VIA,FRUGONI CARLO INNOCENZO,1606.0,1.0
VIA,GAFFURIO FRANCHINO,2138.0,2.0
VIA,GAIO,3127.0,1.0
VIA,GALENO CLAUDIO,2447.0,2.0
VIA,GALILEI GALILEO,1102.0,1.0
VIA,GALLARATE,7420.0,5.0
VIA,GALLI DINA,1162.0,1.0
VIA,GALLINA GIACINTO,3105.0,2.0
VIA,GALLURA,4256.0,4.0
VIA,GALVANI LUIGI,1179.0,1.0
VIA,GAMBOLOITA,4160.0,2.0
VIA,GARIAN,6119.0,2.0
VIA,GARIGLIANO,1134.0,5.0
VIA,GENTILI ALBERICO,6270.0,1.0
VIA,GESSI ROMOLO,6121.0,3.0
VIA,GHERARDINI GIOVANNI,7140.0,2.0
VIA,GIACOSA GIUSEPPE,2310.0,2.0
VIA,GIAMBELLINO,5136.0,14.0
VIA,GIAMBELLINO,6117.0,1.0
VIA,GIAMBELLINO,6646.0,1.0
VIA,GIARDINO GAETANO,343.0,1.0
VIA,GIGANTE GIACINTO,6562.0,1.0
VIA,GIOIA MELCHIORRE,1108.0,15.0
VIA,GIOIA MELCHIORRE,1199.0,1.0
VIA,GIOVANNI DA PROCIDA,7151.0,3.0
VIA,GIOVIO PAOLO,6194.0,5.0
VIA,GIUBA,2387.0,1.0
VIA,GIUSTI GIUSEPPE,7127.0,1.0
VIA,GLUCK CRISTOFORO,1215.0,2.0
VIA,GNOCCHI DON CARLO,6100.0,1.0
VIA,GNOCCHI DON CARLO,6212.0,1.0
VIA,GOLA EMILIO,6122.0,1.0
VIA,GOLA EMILIO,5154.0,1.0
VIA,GOLDONI CARLO,3183.0,1.0
VIA,GOLFO DEGLI ARANCI,2463.0,1.0
VIA,GONZAGA MAURIZIO,344.0,3.0
VIA,GORKI MASSIMO,5139.0,1.0
VIA,GOVONE GIUSEPPE,7222.0,8.0
VIA,GOZZANO GUIDO,2563.0,1.0
VIA,GOZZI GASPARE,3104.0,1.0
VIA,GOZZOLI BENOZZO,6789.0,1.0
VIA,GRAN SAN BERNARDO,7218.0,1.0
VIA,GRASSELLI ANNIBALE,3268.0,1.0
VIA,GRATOSOGLIO,5411.0,1.0
VIA,GRAZIANO IMPERATORE,1524.0,2.0
VIA,GRAZIOLI DON BARTOLOMEO,1473.0,2.0
VIA,GREPPI MARCO,3213.0,1.0
VIA,GRIGNA,7239.0,3.0
VIA,GRIOLI DON GIOVANNI,1478.0,1.0
VIA,GRIZIOTTI GIACOMO,6347.0,1.0
VIA,GROSOTTO,7328.0,3.0
VIA,GROSSI TOMMASO,105.0,2.0
VIA,GROSSICH ANTONIO,2576.0,6.0
VIA,GUICCIARDINI FRANCESCO,3084.0,1.0
VIA,GUINTELLINO GUGLIELMO,5369.0,1.0
VIA,GULLI TOMMASO,6634.0,1.0
VIA,HAYEZ FRANCESCO,2172.0,2.0
VIA,HERMADA,1588.0,3.0
VIA,HUGO VICTOR,548.0,1.0
VIA,ILLIRICO,3245.0,2.0
VIA,IMBONATI CARLO,1311.0,11.0
VIA,IMPERIA,5266.0,1.0
VIA,INAMA VIRGILIO,3169.0,3.0
VIA,INGANNI ANGELO,6672.0,10.0
VIA,INGEGNOLI FRANCESCO,2559.0,1.0
VIA,ISERNIA,6461.0,1.0
VIA,ISIMBARDI INNOCENZO,5332.0,2.0
VIA,JACOPINO DA TRADATE,7292.0,3.0
VIA,JACOPO DAL VERME,1130.0,2.0
VIA,JAN GIORGIO,2154.0,3.0
VIA,KORISTKA FRANCESCO,7241.0,3.0
VIA,KRAMER ANTONIO,3180.0,5.0
VIA,LAGRANGE GIUSEPPE,5205.0,5.0
VIA,LAMARMORA ALFONSO,4103.0,3.0
VIA,LAMBRATE,2421.0,2.0
VIA,LAMBRO,2186.0,1.0
VIA,LAMPUGNANO,6737.0,1.0
VIA,LANINO BERNARDINO,6105.0,2.0
VIA,LARGA,318.0,3.0
VIA,LARIO,1171.0,5.0
VIA,LASSALLE FERDINANDO,5433.0,2.0
VIA,LATTANZIO,4091.0,1.0
VIA,LAZZARETTO,2112.0,4.0
VIA,LAZZARONI GIUSEPPINA,1196.0,1.0
VIA,LECCO,2110.0,6.0
VIA,LEGNANO,7082.0,1.0
VIA,LEGNONE,1298.0,4.0
VIA,LENTASIO,410.0,1.0
VIA,LEONCAVALLO RUGGERO,2389.0,2.0
VIA,LEOPARDI GIACOMO,6156.0,2.0
VIA,LEPETIT ROBERTO,2096.0,2.0
VIA,LEPONTINA,1147.0,5.0
VIA,LESSONA MICHELE,7490.0,5.0
VIA,LIPARI,6203.0,1.0
VIA,LIPPI FILIPPINO,2196.0,1.0
VIA,LISCATE,2595.0,1.0
VIA,LITTA MODIGNANI ALESSANDRO,1539.0,2.0
VIA,LITTA MODIGNANI ALESSANDRO,1442.0,1.0
VIA,LITTA POMPEO,3029.0,1.0
VIA,LIVIGNO,1296.0,4.0
VIA,LODOVICO IL MORO,5290.0,10.0
VIA,LODOVICO IL MORO,5132.0,1.0
VIA,LOMAZZO PAOLO,7079.0,7.0
VIA,LOMBARDINI ELIA,5146.0,2.0
VIA,LOMBROSO CESARE,3334.0,2.0
VIA,LOMELLINA,3280.0,6.0
VIA,LONGARONE,7241.0,1.0
VIA,LONGARONE,7292.0,1.0
VIA,LONGHENA BALDASSARE,4179.0,1.0
VIA,LOPEZ SABATINO,7369.0,2.0
VIA,LORENTEGGIO,5132.0,18.0
VIA,LORENZO DI CREDI,6547.0,2.0
VIA,LORIA MOISE',6100.0,2.0
VIA,LOSANNA,7190.0,5.0
VIA,LOVANIO,1030.0,1.0
VIA,LUINI BERNARDINO,638.0,2.0
VIA,LULLI GIOVANNI,2253.0,4.0
VIA,LUTERO MARTINO,2613.0,1.0
VIA,MAC MAHON,7221.0,10.0
VIA,MACCHI MAURO,2133.0,2.0
VIA,MADDALENA,401.0,1.0
VIA,MADERNA BRUNO,3382.0,3.0
VIA,MADONNINA,134.0,2.0
VIA,MAESTRI CAMPIONESI,3197.0,1.0
VIA,MAFFEI ANDREA,3191.0,2.0
VIA,MAFFI CARDINALE PIETRO,7347.0,1.0
VIA,MAFFUCCI ANGIOLO,1276.0,2.0
VIA,MAGGI CARLO MARIA,7115.0,1.0
VIA,MAGNASCO ALESSANDRO,6546.0,1.0
VIA,MAINONI D'INTIGNANO LUIGI,1432.0,1.0
VIA,MAIOCCHI ACHILLE,2162.0,4.0
VIA,MALPIGHI MARCELLO,2182.0,4.0
VIA,MAMBRETTI ANTONIO,7455.0,5.0
VIA,MAMELI GOFFREDO,3088.0,2.0
VIA,MAMIANI TERENZIO,2338.0,1.0
VIA,MANGIAGALLI LUIGI,3202.0,2.0
VIA,MANIN DANIELE,1052.0,1.0
VIA,MANTEGNA ANDREA,7203.0,2.0
VIA,MANTOVA,4217.0,4.0
VIA,MANUZIO ALDO,2114.0,1.0
VIA,MANZONI ALESSANDRO,230.0,3.0
VIA,MARCELLO BENEDETTO,2128.0,6.0
VIA,MARCHESI POMPEO,6304.0,1.0
VIA,MARCHIONNI CARLOTTA,1658.0,2.0
VIA,MARCIANO,3294.0,2.0
VIA,MARCO AURELIO,2298.0,1.0
VIA,MARCO D'AGRATE,4276.0,5.0
VIA,MARCO D'OGGIONO,5166.0,2.0
VIA,MARCONA,3080.0,4.0
VIA,MARESCALCHI FERDINANDO,3315.0,1.0
VIA,MARGHERA,6280.0,6.0
VIA,MARIANI POMPEO,2490.0,1.0
VIA,MARINETTI FILIPPO TOMMASO,2223.0,2.0
VIA,MAROCCO PIETRO,2265.0,2.0
VIA,MAROCHETTI CARLO,4185.0,4.0
VIA,MARONCELLI PIETRO,1113.0,2.0
VIA,MARSALA,1035.0,2.0
VIA,MARTINENGO FRANCESCO,4183.0,1.0
VIA,MARTINETTI PIERO,6339.0,1.0
VIA,MARTIRI OSCURI,2291.0,1.0
VIA,MARTIRI TRIESTINI,6509.0,1.0
VIA,MARX CARLO,6082.0,1.0
VIA,MASACCIO,6420.0,2.0
VIA,MASCHERONI LORENZO,6183.0,3.0
VIA,MASOLINO DA PANICALE,7264.0,4.0
VIA,MASOTTO UMBERTO,3283.0,3.0
VIA,MASSARA DE CAPITANI,1261.0,1.0
VIA,MASSARENTI GIUSEPPE,6564.0,1.0
VIA,MASSENA ANDREA,7462.0,1.0
VIA,MAURI ACHILLE,527.0,2.0
VIA,MAURI ANGELO,6296.0,3.0
VIA,MAZZINI GIUSEPPE,516.0,6.0
VIA,MAZZOLARI DON PRIMO,5457.0,1.0
VIA,MECENATE,3323.0,8.0
VIA,MECENATE,3189.0,1.0
VIA,MEDA GIUSEPPE,5242.0,16.0
VIA,MEDEGHINO,5335.0,6.0
VIA,MELATO MARIA,7366.0,1.0
VIA,MELLONI MACEDONIO,3085.0,3.0
VIA,MELORIA,6424.0,1.0
VIA,MELZO,2184.0,5.0
VIA,MENABREA LUIGI FEDERICO,1322.0,3.0
VIA,MENOTTI CIRO,3184.0,4.0
VIA,MENOTTI CIRO,2658.0,1.0
VIA,MENOTTI CIRO,2123.0,1.0
VIA,MERAVIGLI,614.0,3.0
VIA,MERCADANTE SAVERIO,2232.0,3.0
VIA,MERCALLI GIUSEPPE,4011.0,1.0
VIA,MERCATO,717.0,1.0
VIA,MERLO CARLO GIUSEPPE,329.0,2.0
VIA,MESSINA,7211.0,4.0
VIA,MESTRE,2647.0,2.0
VIA,MEUCCI ANTONIO,2497.0,5.0
VIA,MICHELINO DA BESOZZO,7263.0,2.0
VIA,MICHETTI FRANCESCO PAOLO,1263.0,1.0
VIA,MILAZZO,1034.0,2.0
VIA,MILLELIRE DOMENICO,6620.0,6.0
VIA,MILLY MIGNONE CARLA,6871.0,1.0
VIA,MINCIO,4157.0,3.0
VIA,MINTURNO,2482.0,1.0
VIA,MODENA GUSTAVO,3122.0,4.0
VIA,MODESTINO,5112.0,1.0
VIA,MOLA PIER FRANCESCO,7391.0,2.0
VIA,MOLINO DELLE ARMI,591.0,2.0
VIA,MOMIGLIANO ATTILIO,5401.0,1.0
VIA,MONDOVI',2515.0,2.0
VIA,MONFALCONE,2538.0,1.0
VIA,MONTE BIANCO,6392.0,1.0
VIA,MONTE CENGIO,4366.0,3.0
VIA,MONTE GENEROSO,7180.0,1.0
VIA,MONTE NAPOLEONE,219.0,4.0
VIA,MONTE NEVOSO,2560.0,1.0
VIA,MONTE OLIVETO,3345.0,2.0
VIA,MONTE PALOMBINO,4368.0,2.0
VIA,MONTE POPERA,4365.0,1.0
VIA,MONTE ROSA,6388.0,3.0
VIA,MONTE ROSA,6102.0,1.0
VIA,MONTE ROTONDO,1449.0,1.0
VIA,MONTE SAN GABRIELE,2481.0,2.0
VIA,MONTE SAN GENESIO,1299.0,3.0
VIA,MONTEGANI LODOVICO,5330.0,8.0
VIA,MONTEPULCIANO,2257.0,1.0
VIA,MONTEVIDEO,6091.0,1.0
VIA,MONTI VINCENZO,6155.0,10.0
VIA,MONTI VINCENZO,609.0,1.0
VIA,MONTI VINCENZO,361.0,1.0
VIA,MORA GIAN GIACOMO,594.0,3.0
VIA,MORAZZONE,7131.0,1.0
VIA,MORGAGNI GIOVANNI BATTISTA,2158.0,3.0
VIA,MORGANTINI MARIO,6568.0,2.0
VIA,MORIGI,633.0,2.0
VIA,MORONE GEROLAMO,200.0,2.0
VIA,MOROSINI EMILIO,3073.0,3.0
VIA,MOROSINI EMILIO,3086.0,1.0
VIA,MORTARA,5115.0,1.0
VIA,MOSCA ANTONIO,6788.0,2.0
VIA,MOSCA ANTONIO,6643.0,1.0
VIA,MOSCATI PIETRO,7136.0,1.0
VIA,MURAT GIOACCHINO,1316.0,6.0
VIA,MURATORI LODOVICO,4076.0,7.0
VIA,MUSSI GIUSEPPE,7199.0,5.0
VIA,NATTA GIULIO,6860.0,1.0
VIA,NEERA ANNA,4355.0,1.0
VIA,NEERA ANNA,5326.0,2.0
VIA,NEGROLI,3279.0,5.0
VIA,NERI POMPEO,6817.0,1.0
VIA,NERINO,564.0,1.0
VIA,NERVESA,4167.0,1.0
VIA,NICCODEMI DARIO,7380.0,2.0
VIA,NICCOLINI GIOVANNI BATTISTA,7129.0,2.0
VIA,NIKOLAJEVKA,6473.0,1.0
VIA,NIRONE,640.0,1.0
VIA,NOTA ALBERTO,1624.0,1.0
VIA,NOVARA,6624.0,8.0
VIA,NOVARO MICHELE,1559.0,2.0
VIA,OGLIO,4105.0,1.0
VIA,OLGETTINA,2530.0,2.0
VIA,OLMETTO,553.0,2.0
VIA,OLONA,5090.0,1.0
VIA,OLTROCCHI BALDASSARE,3217.0,2.0
VIA,ORGANDINO GIUSEPPE,6255.0,1.0
VIA,ORIANI ALFREDO,4025.0,2.0
VIA,ORNATO LUIGI,1591.0,8.0
VIA,OROBONI ANTONIO,1635.0,1.0
VIA,ORSINI VINCENZO GIORDANO,6648.0,2.0
VIA,ORTI,4031.0,1.0
VIA,ORTICA,3242.0,2.0
VIA,OSIMO AUGUSTO,4303.0,1.0
VIA,OSOPPO,6596.0,2.0
VIA,OSTIGLIA,3285.0,1.0
VIA,OVADA,5352.0,1.0
VIA,OXILIA NINO,2287.0,1.0
VIA,OZANAM FEDERICO,2143.0,5.0
VIA,PACINI GIOVANNI,2571.0,10.0
VIA,PACINOTTI FRA' ANTONIO,7259.0,1.0
VIA,PADOVA,2275.0,41.0
VIA,PAGANO MARIO,6186.0,1.0
VIA,PAGANO MARIO,238.0,1.0
VIA,PAGLIANO ELEUTERIO,6390.0,2.0
VIA,PAISIELLO GIOVANNI,2245.0,2.0
VIA,PALAZZI LAZZARO,2171.0,6.0
VIA,PALEOCAPA PIETRO,706.0,1.0
VIA,PALERMO,1025.0,3.0
VIA,PALIZZI FILIPPO,7451.0,2.0
VIA,PALLADIO ANDREA,4213.0,2.0
VIA,PALMA JACOPO,6605.0,4.0
VIA,PALMANOVA,2390.0,11.0
VIA,PALMANOVA,1309.0,1.0
VIA,PALMIERI NICOLA,5323.0,1.0
VIA,PAMPURI FRA' RICCARDO,4322.0,2.0
VIA,PANIZZI ANTONIO,6486.0,2.0
VIA,PANTELLERIA,7461.0,1.0
VIA,PANTIGLIATE,6651.0,1.0
VIA,PAOLO DA CANNOBIO,338.0,5.0
VIA,PAPI LAZZARO,4071.0,3.0
VIA,PARACELSO FILIPPO,2168.0,1.0
VIA,PARAVIA PIER ALESSANDRO,6571.0,3.0
VIA,PARENZO,5367.0,4.0
VIA,PARETO VILFREDO,7440.0,3.0
VIA,PARINI GIUSEPPE,1049.0,6.0
VIA,PARMIGIANINO,6599.0,1.0
VIA,PARRAVICINI RAFFAELE,1176.0,1.0
VIA,PARUTA PAOLO,2363.0,1.0
VIA,PASCARELLA CESARE,7349.0,3.0
VIA,PASCOLI GIOVANNI,3132.0,4.0
VIA,PASSARELLA,298.0,1.0
VIA,PASSERONI GIAN CARLO,4065.0,1.0
VIA,PASTEUR LUIGI,2283.0,1.0
VIA,PASTRENGO,1127.0,1.0
VIA,PATTARI,304.0,1.0
VIA,PAULLO,3177.0,2.0
VIA,PAULUCCI DI CALBOLI FULCIERI,1590.0,1.0
VIA,PAVIA,5262.0,2.0
VIA,PAVONI LODOVICO,1401.0,1.0
VIA,PECCHIO GIUSEPPE,2240.0,5.0
VIA,PELITTI GIUSEPPE,2412.0,1.0
VIA,PELIZZA DA VOLPEDO,6391.0,2.0
VIA,PERGOLESI GIOVANNI BATTISTA,2231.0,4.0
VIA,PERINI CARLO,7326.0,1.0
VIA,PERUGINO,3198.0,3.0
VIA,PESTALOZZI GIOVANNI ENRICO,5294.0,2.0
VIA,PETRARCA FRANCESCO,6182.0,1.0
VIA,PETRELLA ERRICO,2137.0,2.0
VIA,PETROCCHI POLICARPO,2320.0,5.0
VIA,PEZZOTTI GIOVANNI,5244.0,6.0
VIA,PIACENZA,4064.0,7.0
VIA,PIANELL SALVATORE,1426.0,1.0
VIA,PICCO MADRE ANNA EUGENIA,2386.0,1.0
VIA,PICHI MARIO,5236.0,1.0
VIA,PIER LOMBARDO,4073.0,1.0
VIA,PIERI MARIO,2513.0,2.0
VIA,PIERLUIGI GIOVANNI DA PALESTRINA,2235.0,7.0
VIA,PIERO DELLA FRANCESCA,7188.0,5.0
VIA,PIERO DELLA FRANCESCA,7328.0,1.0
VIA,PILO ROSOLINO,2189.0,3.0
VIA,PILO ROSOLINO,2576.0,1.0
VIA,PINAMONTE DA VIMERCATE,1017.0,1.0
VIA,PINDARO,2401.0,1.0
VIA,PINTURICCHIO,2195.0,1.0
VIA,PIO II,6832.0,1.0
VIA,PIOMBINO,7462.0,1.0
VIA,PIRANDELLO LUIGI,6242.0,2.0
VIA,PIRANESI GIOVANNI BATTISTA,3263.0,4.0
VIA,PIRANO,2483.0,1.0
VIA,PIRELLI GIOVANNI BATTISTA,1195.0,1.0
VIA,PISACANE CARLO,2188.0,3.0
VIA,PISANELLO,6600.0,4.0
VIA,PISANI VITTOR,1201.0,4.0
VIA,PISTRUCCI SCIPIONE,3215.0,5.0
VIA,PITTERI RICCARDO,2674.0,1.0
VIA,PLANA GIOVANNI ANTONIO,7177.0,6.0
VIA,PLEZZO,2653.0,1.0
VIA,PLINIO CAIO SECONDO,2144.0,16.0
VIA,PODGORA,3055.0,1.0
VIA,POERIO CARLO,3181.0,1.0
VIA,POGGIBONSI,6601.0,3.0
VIA,POLA,1156.0,2.0
VIA,POLESINE,4159.0,6.0
VIA,POLIBIO,6195.0,1.0
VIA,POLIZIANO,7196.0,3.0
VIA,POLLAIUOLO ANTONIO,1146.0,2.0
VIA,POLONIA,7505.0,1.0
VIA,POMA CARLO,3090.0,2.0
VIA,POMPONAZZI PIETRO,5246.0,2.0
VIA,PONALE,1616.0,4.0
VIA,PONCHIELLI AMILCARE,2142.0,2.0
VIA,PONTACCIO,143.0,2.0
VIA,PONTE NUOVO,2494.0,5.0
VIA,PONTE SEVESO,1203.0,10.0
VIA,PONTE VECCHIO,2487.0,1.0
VIA,PONTE VETERO,718.0,1.0
VIA,PONTI ANDREA,5293.0,2.0
VIA,PONTI DELLA PRIULA,4170.0,1.0
VIA,PONTI ETTORE,5297.0,3.0
VIA,POPOLI UNITI,2293.0,1.0
VIA,POPULONIA,1315.0,1.0
VIA,PORDENONE,2650.0,5.0
VIA,PORPORA NICOLA ANTONIO,2229.0,13.0
VIA,PORRO LAMBERTENGHI LUIGI,1142.0,2.0
VIA,PORTINARI PIGELLO,1408.0,1.0
VIA,PREDA PIERO,5245.0,1.0
VIA,PRESTINARI MARCELLO,1269.0,1.0
VIA,PREVIATI GAETANO,6384.0,3.0
VIA,PRIMATICCIO FRANCESCO,6646.0,6.0
VIA,PRINA GIUSEPPE,7135.0,6.0
VIA,PRINCIPE AMEDEO,1054.0,1.0
VIA,PRINCIPE EUGENIO,7223.0,4.0
VIA,PROCACCINI GIULIO CESARE,7204.0,9.0
VIA,PROCOPIO,6117.0,1.0
VIA,PULCI LUIGI,1622.0,2.0
VIA,PURICELLI GIAN PIETRO,6636.0,3.0
VIA,QUADRIO MAURIZIO,1115.0,1.0
VIA,QUADRONNO,4021.0,1.0
VIA,QUARANTA BERNARDO,4271.0,1.0
VIA,QUARENGHI GIACOMO,7478.0,6.0
VIA,QUINTO ROMANO,6333.0,3.0
VIA,RAMAZZINI BERNARDINO,2161.0,1.0
VIA,RASORI GIOVANNI,6190.0,5.0
VIA,RAVENNA,4281.0,1.0
VIA,RAVIZZA CARLO,6285.0,5.0
VIA,REDI FRANCESCO,2149.0,1.0
VIA,REGALDI GIUSEPPE,1578.0,1.0
VIA,REGGIO,4033.0,1.0
VIA,REINA FRANCESCO,3255.0,2.0
VIA,REINACH ERNESTO,1496.0,1.0
VIA,REMBRANDT,6618.0,16.0
VIA,RENZO E LUCIA,5412.0,3.0
VIA,RESEGONE,1228.0,1.0
VIA,RESSI ADEODATO,1397.0,2.0
VIA,REZIA,3200.0,2.0
VIA,RICCARDI PADRE PLACIDO,2385.0,2.0
VIA,RICCIARELLI DANIELE,6553.0,5.0
VIA,RICORDI GIOVANNI,2251.0,2.0
VIA,RICOTTI ERCOLE,1248.0,1.0
VIA,RIMINI,5267.0,3.0
VIA,RIPAMONTI GIUSEPPE,4066.0,25.0
VIA,RIPAMONTI GIUSEPPE,4295.0,1.0
VIA,RISMONDO FRANCESCO,6756.0,10.0
VIA,RIVA DI TRENTO,4155.0,3.0
VIA,RIVOLI,7080.0,1.0
VIA,ROCCA D'ANFO,1556.0,1.0
VIA,ROGGIA SCAGNA,2299.0,1.0
VIA,ROGOREDO,4373.0,1.0
VIA,ROMAGNOSI GIAN DOMENICO,119.0,1.0
VIA,ROMANO GIULIO,4057.0,3.0
VIA,ROMBON,2659.0,5.0
VIA,ROMEO NICOLA,5479.0,5.0
VIA,ROMILLI ARCIVESCOVO,4154.0,5.0
VIA,RONCAGLIA,6122.0,2.0
VIA,RONCHI,2655.0,6.0
VIA,RONCHI,2395.0,1.0
VIA,ROSMINI ANTONIO,7132.0,3.0
VIA,ROSSI PELLEGRINO,1510.0,10.0
VIA,ROSSINI GIOACCHINO,3040.0,1.0
VIA,ROTONDI GIOVANNI,6404.0,1.0
VIA,ROTTA PAOLO,1587.0,1.0
VIA,ROVELLO,722.0,2.0
VIA,ROVERETO,2300.0,2.0
VIA,ROVETTA GEROLAMO,2333.0,1.0
VIA,RUBENS PIETRO,6597.0,7.0
VIA,RUCELLAI BERNARDO,2345.0,2.0
VIA,RUGGERO DI LAURIA,7163.0,2.0
VIA,RUSSO VINCENZO,2328.0,2.0
VIA,RUSSOLI FRANCO,5460.0,1.0
VIA,RUTILIA,4229.0,2.0
VIA,S. GIOV. SUL MURO,609.0,8.0
VIA,SACCO LUIGI,6275.0,1.0
VIA,SACCONI GIUSEPPE,4177.0,1.0
VIA,SAFFI AURELIO,6159.0,1.0
VIA,SAINT BON SIMONE,6670.0,4.0
VIA,SALA DEI LONGOBARDI,217.0,2.0
VIA,SALASCO,4051.0,1.0
VIA,SALIERI ANTONIO,2569.0,1.0
VIA,SALMINI VITTORIO,4062.0,1.0
VIA,SALO',4117.0,1.0
VIA,SALUTATI COLUCCIO,6197.0,1.0
VIA,SALVEMINI GAETANO,1678.0,1.0
VIA,SALVINI TOMMASO,2175.0,2.0
VIA,SAMBUCO,321.0,1.0
VIA,SAMBUCO,5189.0,1.0
VIA,SAMMARTINI GIOVANNI BATTISTA,1202.0,2.0
VIA,SAN BERNARDO,4351.0,1.0
VIA,SAN CALOCERO,5100.0,1.0
VIA,SAN FAUSTINO,2681.0,2.0
VIA,SAN FERMO,1042.0,1.0
VIA,SAN GALDINO,7215.0,2.0
VIA,SAN GREGORIO,2123.0,5.0
VIA,SAN LUCA,5193.0,1.0
VIA,SAN MAMETE,2413.0,5.0
VIA,SAN MARCO,1036.0,4.0
VIA,SAN MARTINO,4016.0,2.0
VIA,SAN MAURILIO,563.0,2.0
VIA,SAN PAOLINO,5425.0,1.0
VIA,SAN PAOLO,212.0,2.0
VIA,SAN PIETRO ALL'ORTO,213.0,1.0
VIA,SAN SIRO,6282.0,3.0
VIA,SAN TOMASO,723.0,3.0
VIA,SAN VINCENZO,5098.0,3.0
VIA,SAN VITO,539.0,2.0
VIA,SAND GEORGE,1554.0,3.0
VIA,SANFELICE LUISA,3224.0,2.0
VIA,SANGALLO,3208.0,2.0
VIA,SANGIORGIO ABBONDIO,7138.0,1.0
VIA,SANSOVINO,2213.0,1.0
VIA,SANT' AMPELLIO,5253.0,1.0
VIA,SANT' ANATALONE,6587.0,2.0
VIA,SANT' ANDREA,222.0,3.0
VIA,SANT' ANTONIO,332.0,1.0
VIA,SANT' ELEMBARDO,2356.0,1.0
VIA,SANT' EUFEMIA,405.0,1.0
VIA,SANT' UGUZZONE,2448.0,1.0
VIA,SANTA CROCE,5188.0,1.0
VIA,SANTA MARIA ALLA PORTA,620.0,1.0
VIA,SANTA MARIA FULCORINA,630.0,1.0
VIA,SANTA MARIA SEGRETA,624.0,1.0
VIA,SANTA MARIA VALLE,535.0,3.0
VIA,SANTA MONICA,1448.0,1.0
VIA,SANTA RADEGONDA,208.0,1.0
VIA,SANTA RITA DA CASCIA,5301.0,6.0
VIA,SANTA SOFIA,408.0,4.0
VIA,SANTA TECLA,321.0,3.0
VIA,SANTA TERESA,5314.0,1.0
VIA,SANTI FERNANDO,5461.0,1.0
VIA,SANTISSIMI NABORE E FELICE,6621.0,1.0
VIA,SANZIO RAFFAELLO,6283.0,8.0
VIA,SAPONARO MICHELE,5432.0,2.0
VIA,SAPRI,7441.0,1.0
VIA,SARDEGNA,6265.0,2.0
VIA,SARPI FRA' PAOLO,7210.0,12.0
VIA,SATTA SEBASTIANO,7352.0,2.0
VIA,SAULI SANT' ALESSANDRO,2273.0,1.0
VIA,SAVOLDO GIAN GIROLAMO,1691.0,2.0
VIA,SAVONA,5122.0,9.0
VIA,SCALVINI GIOVITA,1265.0,1.0
VIA,SCANINI ALESSANDRO,6755.0,1.0
VIA,SCARLATTI DOMENICO,2136.0,2.0
VIA,SCARPA ANTONIO,6191.0,1.0
VIA,SCHIAPARELLI GIOVANNI,1211.0,3.0
VIA,SCIESA AMATORE,3072.0,3.0
VIA,SCROSATI LUIGI,6488.0,1.0
VIA,SEBASTIANO DEL PIOMBO,6397.0,6.0
VIA,SEBENICO,1131.0,3.0
VIA,SEBETO,6167.0,1.0
VIA,SEBINO,4092.0,2.0
VIA,SELLA QUINTINO,724.0,1.0
VIA,SENATO,236.0,6.0
VIA,SERAO MATILDE,6241.0,2.0
VIA,SERCOGNANI GIUSEPPE,7281.0,2.0
VIA,SERLIO SEBASTIANO,4176.0,1.0
VIA,SERLIO SEBASTIANO,4157.0,1.0
VIA,SETTALA LODOVICO,2111.0,3.0
VIA,SETTEMBRINI LUIGI,2127.0,7.0
VIA,SFORZA ASCANIO,5201.0,1.0
VIA,SIGIERI GOFFREDO,4080.0,3.0
VIA,SILVA GUGLIELMO,6400.0,6.0
VIA,SIMONETTA CICCO,5168.0,1.0
VIA,SIRTORI GIUSEPPE,2180.0,3.0
VIA,SISMONDI GIANCARLO,3256.0,5.0
VIA,SLATAPER SCIPIO,1348.0,2.0
VIA,SMAREGLIA ANTONIO,3284.0,1.0
VIA,SODERINI LUIGI,6675.0,5.0
VIA,SOLARI ANDREA,5111.0,12.0
VIA,SOLARI ANDREA,5389.0,1.0
VIA,SOLARI ANDREA,5132.0,1.0
VIA,SOLAROLI PAOLO,4254.0,1.0
VIA,SOLFERINO,1028.0,10.0
VIA,SOMMACAMPAGNA,1225.0,1.0
VIA,SONNINO SIDNEY,7262.0,1.0
VIA,SOPERGA,2262.0,1.0
VIA,SOTTOCORNO PASQUALE,3152.0,5.0
VIA,SPADARI,518.0,1.0
VIA,SPALLANZANI LAZZARO,2153.0,3.0
VIA,SPARTACO,3186.0,4.0
VIA,SPONTINI GASPARE,2141.0,3.0
VIA,STAMIRA D'ANCONA,2337.0,1.0
VIA,STAMPA,538.0,2.0
VIA,STATUTO,1029.0,3.0
VIA,STAZIO CECILIO,2280.0,2.0
VIA,STENDHAL ENRICO,5135.0,1.0
VIA,STEPHENSON GIORGIO,7456.0,1.0
VIA,STOPPANI ANTONIO,2163.0,5.0
VIA,STRADELLA ALESSANDRO,2170.0,1.0
VIA,STRADIVARI ANTONIO,2239.0,1.0
VIA,STRAMBIO GAETANO,3168.0,3.0
VIA,STRESA,1396.0,1.0
VIA,STRIGELLI GAETANO,3214.0,1.0
VIA,STROMBOLI,6099.0,1.0
VIA,SULMONA,4180.0,2.0
VIA,TABACCHI ODOARDO,5223.0,1.0
VIA,TADINO ALESSANDRO,2109.0,9.0
VIA,TAGIURA,6125.0,1.0
VIA,TAGLIAMENTO,4147.0,2.0
VIA,TAJANI FILIPPO,3235.0,4.0
VIA,TALLONE CESARE,3309.0,1.0
VIA,TANTARDINI ANTONIO,5224.0,1.0
VIA,TAORMINA,1331.0,2.0
VIA,TARAMELLI TORQUATO,1164.0,2.0
VIA,TARRA GIULIO,1198.0,4.0
VIA,TARTINI GIUSEPPE,1501.0,5.0
VIA,TARTINI GIUSEPPE,6733.0,1.0
VIA,TARTINI GIUSEPPE,1328.0,1.0
VIA,TAVAZZANO,7335.0,3.0
VIA,TEANO,1632.0,5.0
VIA,TELLINI ENRICO,7225.0,1.0
VIA,TENCA CARLO,2118.0,3.0
VIA,TEODOSIO,2550.0,15.0
VIA,TERAMO,5365.0,3.0
VIA,TERMOPILI,2297.0,1.0
VIA,TERRAGGIO,644.0,1.0
VIA,TERRUGGIA GIOVANNI,1533.0,2.0
VIA,TERTULLIANO,4094.0,2.0
VIA,TESSA DELIO,1020.0,1.0
VIA,TEULIE' PIETRO,4040.0,2.0
VIA,THAON DI REVEL GENOVA,1172.0,1.0
VIA,TIEPOLO GIAN BATTISTA,3126.0,1.0
VIA,TIRABOSCHI GEROLAMO,4072.0,4.0
VIA,TIRSO,4230.0,1.0
VIA,TITO LIVIO,4086.0,10.0
VIA,TIVOLI,712.0,1.0
VIA,TIZIANO VECELLIO,6380.0,2.0
VIA,TOLMEZZO,2650.0,1.0
VIA,TOLMEZZO,2659.0,1.0
VIA,TOLSTOI LEONE,5133.0,6.0
VIA,TOLSTOI LEONE,6675.0,1.0
VIA,TONOLI RITA,6136.0,1.0
VIA,TORINO,543.0,3.0
VIA,TORRE CARLO,5271.0,2.0
VIA,TORRIANI NAPO,2126.0,3.0
VIA,TORRICELLI EVANGELISTA,5240.0,4.0
VIA,TORTONA,5124.0,1.0
VIA,TOSCOLANO,3362.0,1.0
VIA,TOSELLI PIETRO,2360.0,1.0
VIA,TOSI FRANCO,5296.0,1.0
VIA,TRAIANO MARCO ULPIO,7157.0,7.0
VIA,TRAU',1154.0,2.0
VIA,TRECCANI DEGLI ALFIERI GIOVANNI,5462.0,1.0
VIA,TRENNO,6491.0,1.0
VIA,TRIESTE,6261.0,3.0
VIA,TRILUSSA,7367.0,1.0
VIA,TRINCEA DELLE FRASCHE,5173.0,2.0
VIA,TRIVULZIO ANTONIO TOLOMEO,6277.0,3.0
VIA,TURATI FILIPPO,1053.0,3.0
VIA,UBERTI GIULIO,3121.0,2.0
VIA,UCCELLO PAOLO,6421.0,1.0
VIA,UGONI CAMILLO,1282.0,1.0
VIA,URBANO III,588.0,2.0
VIA,VAL BAVONA,6664.0,1.0
VIA,VAL CISMON,1666.0,1.0
VIA,VAL D'INTELVI,6752.0,1.0
VIA,VAL DI BONDO,1648.0,4.0
VIA,VAL DI LEDRO,1532.0,2.0
VIA,VAL DI SOLE,4295.0,5.0
VIA,VAL GARDENA,2304.0,1.0
VIA,VAL LEVENTINA,6507.0,1.0
VIA,VAL MAIRA,1098.0,3.0
VIA,VAL MESOLCINA,4194.0,2.0
VIA,VAL TROMPIA,7494.0,9.0
VIA,VALENZA,5121.0,1.0
VIA,VALFURVA,1168.0,4.0
VIA,VALLA LORENZO,5336.0,4.0
VIA,VALLARSA,4142.0,1.0
VIA,VALLAZZE,2250.0,7.0
VIA,VALLE ANTRONA,6807.0,1.0
VIA,VALLE ISORNO,6792.0,1.0
VIA,VALPARAISO,6093.0,3.0
VIA,VALTELLINA,1188.0,2.0
VIA,VANNUCCI ATTO,4056.0,2.0
VIA,VANVITELLI LUIGI,3108.0,2.0
VIA,VARANINI LUIGI,2288.0,5.0
VIA,VARE' GIOVANNI BATTISTA,1245.0,2.0
VIA,VARESE,1031.0,4.0
VIA,VARESINA,7290.0,3.0
VIA,VEGLIA,1337.0,1.0
VIA,VENEZIANO DOMENICO,4190.0,1.0
VIA,VENIERO SEBASTIANO,6423.0,1.0
VIA,VENINI GIULIO E CORRADO,2258.0,10.0
VIA,VENINI GIULIO E CORRADO,2153.0,1.0
VIA,VENOSA,4097.0,1.0
VIA,VERATTI LUIGI,7374.0,1.0
VIA,VERDI GIUSEPPE,118.0,1.0
VIA,VERGA ANDREA,6200.0,1.0
VIA,VERGATO,1555.0,2.0
VIA,VERITA' DON GIOVANNI,1469.0,3.0
VIA,VERRAZZANO GIOVANNI,2519.0,1.0
VIA,VERRO BERNARDINO,4223.0,4.0
VIA,VERTOIBA,3212.0,1.0
VIA,VESPRI SICILIANI,5137.0,3.0
VIA,VESPRI SICILIANI,5133.0,1.0
VIA,VETERE,5185.0,1.0
VIA,VETTABBIA,5187.0,1.0
VIA,VICO GIAN BATTISTA,6219.0,1.0
VIA,VIGEVANO,5116.0,7.0
VIA,VIGNA,636.0,1.0
VIA,VIGNATI CESARE,1515.0,1.0
VIA,VIGNOLA,4054.0,1.0
VIA,VIGNOLI TITO,5134.0,3.0
VIA,VILLORESI EUGENIO,5145.0,4.0
VIA,VIMINALE,2568.0,1.0
VIA,VIOTTI GIOVANNI BATTISTA,2581.0,1.0
VIA,VIPACCO,2444.0,4.0
VIA,VISCONTI ALEX,7529.0,2.0
VIA,VISCONTI D'ARAGONA ALESSANDRO,3229.0,1.0
VIA,VISCONTI DI MODRONE UBERTO,361.0,2.0
VIA,VITRUVIO,2134.0,11.0
VIA,VITTADINI CARLO,4055.0,2.0
VIA,VITTANI GIOVANNI,7350.0,2.0
VIA,VITTORINI ELIO,3379.0,2.0
VIA,VIVAIO,3041.0,1.0
VIA,VIVIANI VINCENZO,1185.0,1.0
VIA,VODICE,6552.0,2.0
VIA,VOLTA ALESSANDRO,1018.0,4.0
VIA,VOLTURNO,1135.0,1.0
VIA,VOLVINIO,5333.0,7.0
VIA,WASHINGTON GIORGIO,6111.0,19.0
VIA,WASHINGTON GIORGIO,6555.0,1.0
VIA,WATT GIACOMO,5292.0,4.0
VIA,WITTGENS FERNANDA,597.0,1.0
VIA,ZAMBALDI SILVIO,2689.0,1.0
VIA,ZAMENHOF LUDOVICO LAZZARO,5226.0,3.0
VIA,ZANELLA GIACOMO,3257.0,5.0
VIA,ZANELLA GIACOMO,4086.0,1.0
VIA,ZANOLI ALESSANDRO,1548.0,3.0
VIA,ZANTE,3364.0,2.0
VIA,ZECCA VECCHIA,565.0,1.0
VIA,ZEZON ACHILLE,1194.0,1.0
VIA,ZUCCOLI LUCIANO,1254.0,1.0
VIA,ZUMBINI BONAVENTURA,5302.0,1.0
VIA,ZURETTI GIANFRANCO,1216.0,8.0
VIA,ZURIGO,6318.0,1.0
VIE,DELLA ROBBIA LUCA,6349.0,2.0
VLE,ABRUZZI,2177.0,13.0
VLE,AFFORI,1545.0,2.0
VLE,ARETUSA,6565.0,6.0
VLE,ARGONNE,3254.0,6.0
VLE,BACCHIGLIONE,4171.0,2.0
VLE,BEATRICE D'ESTE,4048.0,3.0
VLE,BEZZI ERGISTO,6272.0,5.0
VLE,BIANCA MARIA,3050.0,2.0
VLE,BLIGNY,4045.0,11.0
VLE,BODIO LUIGI,1237.0,2.0
VLE,BRENTA,4151.0,4.0
VLE,BRIANZA,2263.0,5.0
VLE,CA' GRANDA,1443.0,3.0
VLE,CALDARA EMILIO,4036.0,2.0
VLE,CAMPANIA,3100.0,8.0
VLE,CASSALA,5275.0,3.0
VLE,CASSIODORO,6359.0,2.0
VLE,CATERINA DA FORLI',6611.0,6.0
VLE,CERTOSA,7174.0,19.0
VLE,CIRENE,4085.0,1.0
VLE,COL DI LANA,5198.0,6.0
VLE,CONI ZUGNA,5110.0,11.0
VLE,CORSICA,3262.0,16.0
VLE,CRISPI FRANCESCO,1063.0,3.0
VLE,D'ANNUNZIO GABRIELE,5170.0,3.0
VLE,DEI MILLE,3115.0,1.0
VLE,DELL' INNOVAZIONE,1731.0,1.0
VLE,DELLE RIMEMBRANZE DI GRECO,1412.0,4.0
VLE,DELLE RIMEMBRANZE DI LAMBRATE,2664.0,1.0
VLE,DORIA ANDREA,2230.0,7.0
VLE,ESPINASSE CARLO,7390.0,4.0
VLE,ETIOPIA,6131.0,2.0
VLE,FAENZA,5350.0,2.0
VLE,FAMAGOSTA,5353.0,8.0
VLE,FORLANINI ENRICO,4157.0,1.0
VLE,FORLANINI ENRICO,4147.0,1.0
VLE,GIAN GALEAZZO,5196.0,1.0
VLE,GIOVANNI DA CERMENATE,5261.0,4.0
VLE,GORIZIA,5156.0,1.0
VLE,GRAN SASSO,2243.0,5.0
VLE,ISONZO,4211.0,1.0
VLE,JENNER EDOARDO,1230.0,5.0
VLE,LANCETTI VINCENZO,1221.0,1.0
VLE,LAZIO,4089.0,2.0
VLE,LEGIONI ROMANE,6649.0,4.0
VLE,LIGURIA,5264.0,3.0
VLE,LOMBARDIA,2400.0,5.0
VLE,LUCANIA,4173.0,6.0
VLE,LUNIGIANA,1214.0,2.0
VLE,MAJNO LUIGI,2178.0,1.0
VLE,MARTINI ENRICO,4175.0,1.0
VLE,MOLISE,3178.0,4.0
VLE,MONTE CENERI,7176.0,6.0
VLE,MONTE NERO,3062.0,14.0
VLE,MONTELLO,7126.0,3.0
VLE,MONZA,2274.0,40.0
VLE,MONZA,2287.0,1.0
VLE,MONZA,2275.0,1.0
VLE,MONZA,1170.0,1.0
VLE,MURILLO S.B.,6551.0,2.0
VLE,ORIONE DON LUIGI,2378.0,3.0
VLE,PAPINIANO,5097.0,3.0
VLE,PASUBIO,1112.0,3.0
VLE,PIAVE,2179.0,4.0
VLE,PICENO,3114.0,4.0
VLE,PISA,6615.0,5.0
VLE,PREMUDA,3063.0,1.0
VLE,RANZONI DANIELE,6297.0,5.0
VLE,RAPISARDI MARIO,1656.0,1.0
VLE,REGINA GIOVANNA,2157.0,4.0
VLE,REGINA MARGHERITA,3059.0,3.0
VLE,RODI,1623.0,2.0
VLE,ROMAGNA,3102.0,7.0
VLE,ROMAGNA,2571.0,1.0
VLE,ROMOLO,5284.0,1.0
VLE,SABOTINO,4046.0,10.0
VLE,SABOTINO,5205.0,1.0
VLE,SAN GIMIGNANO,6613.0,6.0
VLE,SAN MICHELE DEL CARSO,6212.0,7.0
VLE,SARCA,1427.0,6.0
VLE,SAURO NAZARIO,1175.0,2.0
VLE,SERRA RENATO,6426.0,1.0
VLE,STEFINI EVARISTO,1405.0,2.0
VLE,STELVIO,1227.0,10.0
VLE,SUZZANI GIOVANNI,1446.0,9.0
VLE,TEODORICO,7163.0,1.0
VLE,TEODORICO,7160.0,1.0
VLE,TESTI FULVIO,1441.0,10.0
VLE,TIBALDI,5234.0,7.0
VLE,TORELLI LUIGI,1232.0,1.0
VLE,TROYA CARLO,5140.0,4.0
VLE,TUNISIA,2121.0,6.0
VLE,UMBRIA,3145.0,20.0
VLE,UNGHERIA,3357.0,3.0
VLE,VIGLIANI PAOLO ONORATO,6422.0,1.0
VLE,VITTORIO VENETO,2107.0,4.0
VLE,ZARA,1170.0,10.0
VLO,GIARDINO,148.0,1.0
VLO,SANTA MARIA VALLE,534.0,1.0
