,indirizzo_check
33,
208,NAVIGLIO PAVESE
209,DI PORTA VOLTA
211,BUENOS AIRES
212,COLOMBO CRISTOFORO
213,COLOMBO CRISTOFORO
214,DI PORTA NUOVA
215,DI PORTA ROMANA
216,DI PORTA ROMANA
217,DI PORTA ROMANA
218,DI PORTA ROMANA
219,DI PORTA VIGENTINA
220,DI PORTA VITTORIA
221,DI PORTA VITTORIA
222,GARIBALDI GIUSEPPE
223,GARIBALDI GIUSEPPE
224,LODI
225,LODI
226,LODI
227,MAGENTA
228,MONFORTE
229,VENEZIA
230,VENTIDUE MARZO
231,VENTIDUE MARZO
232,VITTORIO EMANUELE II
233,VITTORIO EMANUELE II
234,VITTORIO EMANUELE II
235,BUONAPARTE
236,BUONAPARTE
237,DEI GELSOMINI
238,DELLA CROCETTA
239,MURANI ORESTE
240,PROMESSI SPOSI
241,TOSCANINI ARTURO
242,VULCI
244,BAIAMONTI ANTONIO
245,CUOCO VINCENZO
246,F.LLI ZAVATTARI
247,GAMBARA VERONICA
249,MACIACHINI CARLO
248,MACIACHINI CARLO
250,MARTESANA
251,NIGRA COSTANTINO
252,SIENA
253,ARGENTINA
254,ASPROMONTE
255,CAIAZZO
256,DE ANGELI ERNESTO
257,DEI VOLONTARI
258,DELLA TRIVULZIANA
259,DERGANO
260,DERGANO
261,GUARDI FRANCESCO
262,IMPERATORE TITO
263,INSUBRIA
264,MIANI GUGLIELMO
265,MONTE FALTERONA
266,NAPOLI
267,NAPOLI
268,QUATTRO NOVEMBRE
269,SAN GIUSEPPE
270,SAN LUIGI
271,SCOLARI ROSA
272,SIGMUND FREUD
273,VIGILI DEL FUOCO
274,AGNELLO
275,ALBANI FRANCESCO
276,ALBERTO DA GIUSSANO
277,ALBRICCI ALBERICO
278,ALDINI ANTONIO
279,ALTAMURA SAVERIO
280,ALTAMURA SAVERIO
281,AMADEO GIAN ANTONIO
282,AMEDEI
283,AMPERE ANDREA MARIA
284,ANGUISSOLA SOFONISBA
285,ANTONELLO DA MESSINA
286,
287,ARBE
288,ARESE FRANCESCO
289,ARGELATI FILIPPO
290,ARIMONDI GIUSEPPE
291,ARIOSTO LODOVICO
292,ARSIA
293,ASELLI GASPARE
294,ASELLI GASPARE
295,ASELLI GASPARE
296,BAINSIZZA
297,BARONI COSTANTINO
298,BARRILI  ANTON GIULIO
299,BATTISTI CESARE
300,BECCARIA CESARE
301,BELLEZZA GIOVANNI
302,BELLINI GENTILE
303,BERGOGNONE AMBROGIO DA FOSSANO
304,BERRA DOMENICO
305,BERTOLAZZI CARLO
306,BESSARIONE
307,BETTI UGO
308,
309,BIANCHI MOSE'
310,BIELLA
311,BIGLI
312,BIONDELLI BERNARDINO
313,BIUMI PAOLO GEROLAMO
314,BOBBIO
315,BOIARDO MATTEO MARIA
316,BOIFAVA PIETRO
317,
318,BOLZANO
319,
320,BRIZI EUGENIO
321,BRUNO CASSINARI
322,BRUSUGLIO
323,CABELLA BARTOLOMEO
324,CADORE
325,CADORE
326,CALIFORNIA
327,CALVAIRATE
328,
329,CAMPERIO MANFREDO
330,CANDIANI GIUSEPPE
331,CANONICA LUIGI
332,CANOVA ANTONIO
333,CAPECELATRO ALFONSO
334,CAPRI
335,CAPSONI SIRO
336,CARABELLI RODOLFO
337,CARDUCCI GIOSUE'
338,CARLI GIAN RINALDO
339,CARNEVALI ANTONIO
340,CAROZZI GIUSEPPE
341,CASATI FELICE
342,CASELLA GIOVANNI BATTISTA
343,CASORETTO
344,CASSINIS GIOVANNI BATTISTA
345,CASTALDI PANFILO
346,CASTALDI PANFILO
347,CASTALDI PANFILO
348,CASTALDI PANFILO
349,CAVALERI LUDOVICO
350,CAVALLOTTI FELICE
351,CELIO
352,CENISIO
353,CENISIO
354,CESARE DA SESTO
355,CHAVEZ GIORGIO
356,CHIARELLI LUIGI
357,CHIESE
358,CHOPIN FEDERICO
359,CIARDI GUGLIELMO
360,CICERI VISCONTI LAURA
361,CICOGNA MOZZONI CARLO
362,CIVITALI MATTEO
363,COLA DI RIENZO
364,COLONNA MARCO ANTONIO
365,COLONNA VITTORIA
366,COLUMELLA LUCIO GIUNIO
367,CONCILIO VATICANO II
368,
369,CORRENTI CESARE
370,CORRENTI CESARE
371,COSTA ANDREA
372,COSTANZA
373,COTTOLENGO SAN GIUSEPPE
374,CREMA
375,CRESCENZAGO
376,CRESCENZAGO
377,CRESPI PIETRO
378,D'ADDA CARLO
379,
381,DAL RE MARCANTONIO
380,DALL'ONGARO FRANCESCO
382,DE AMICIS EDMONDO
383,DE AMICIS EDMONDO
384,DE CRISTOFORIS CARLO
385,DE FILIPPI FILIPPO
405,DE MARCHI EMILIO
406,DE MARTINO EMILIO
386,DEGLI IMBRIANI
387,DEGLI IMBRIANI
388,DEI MARTINITT
389,DEI TRANSITI
390,DEI TULIPANI
391,DEL FANTE COSIMO
404,DEL VECCHIO POLITECNICO
397,DELL' ASSUNTA
392,DELLA CAPINERA
393,DELLA FERRERA
394,DELLA MOSCOVA
395,DELLA MOSCOVA
396,DELLA SPIGA
398,DELLE BETULLE
399,DELLE FORZE ARMATE
401,DELLE FORZE ARMATE
400,DELLE FORZE ARMATE
402,DELLE FORZE ARMATE
403,DELLE FORZE ARMATE
407,DERNA
408,DESIDERIO DA SETTIGNANO
409,DEZZA GIUSEPPE
410,DOMENICHINO
411,DONATELLO
412,DONATELLO
413,EMO ANGELO
414,EUSTACHI BARTOLOMEO
415,EUSTACHI BARTOLOMEO
430,F.LLI BRONZETTI
416,FAA' DI BRUNO EMILIO
417,FAA' DI BRUNO EMILIO
418,FARA GUSTAVO
419,FARA GUSTAVO
420,FARINI CARLO
421,FARUFFINI FEDERICO
422,FATEBENEFRATELLI
423,FAUCHE' GIOVANNI BATTISTA
424,FERABOLI ACHILLE
425,
426,FERRIERI ENZO
427,FIAMMA GALVANO
428,FILZI FABIO
429,
431,FOPPA VINCENZO
432,FRAPOLLI LUIGI
433,FRIULI
434,GALLI DINA
435,GARIGLIANO
436,GARIGLIANO
437,GIAMBELLINO
438,GIAMBELLINO
439,GIAMBELLINO
440,
441,GIGANTE GIACINTO
442,GIOIA MELCHIORRE
443,GIOIA MELCHIORRE
444,GIOVANNI DA PROCIDA
445,GIOVANNI DA PROCIDA
446,GIOVANNI DA PROCIDA
447,
448,GONZAGA MAURIZIO
449,GOZZOLI BENOZZO
450,GUICCIARDINI FRANCESCO
451,HERMADA
452,IMBONATI CARLO
454,IMBONATI CARLO
455,IMBONATI CARLO
453,IMBONATI CARLO
456,INAMA VIRGILIO
457,INGANNI ANGELO
458,INGANNI ANGELO
459,INGANNI ANGELO
460,INGANNI ANGELO
461,KORISTKA FRANCESCO
462,KRAMER ANTONIO
463,LAGRANGE GIUSEPPE
464,LAMARMORA ALFONSO
465,LARIO
466,LASSALLE FERDINANDO
467,LAZZARETTO
468,LECCO
469,LEGNONE
470,LENTASIO
471,LEOPARDI GIACOMO
472,LESSONA MICHELE
473,LESSONA MICHELE
474,LODOVICO IL MORO
475,LOMAZZO PAOLO
476,LOMELLINA
477,LOMELLINA
478,LOMELLINA
479,LONGHENA BALDASSARE
480,LORENTEGGIO
481,LORENTEGGIO
482,LORENTEGGIO
483,LORENTEGGIO
484,LORENZO DI CREDI
485,LOSANNA
486,LULLI GIOVANNI
488,MAC MAHON
487,MAC MAHON
489,MAC MAHON
490,MAC MAHON
491,MAC MAHON
492,MADERNA BRUNO
493,
494,MAMBRETTI ANTONIO
495,MAMELI GOFFREDO
496,MANZONI ALESSANDRO
497,MARCELLO BENEDETTO
498,MARCO AURELIO
499,MARCO D'AGRATE
500,MARSALA
501,MARSALA
502,MARTIRI TRIESTINI
503,MASOLINO DA PANICALE
504,MASOTTO UMBERTO
505,MASSARA DE CAPITANI
506,MECENATE
507,MEDA GIUSEPPE
508,MEDA GIUSEPPE
509,MEDA GIUSEPPE
510,MEDA GIUSEPPE
511,MEDA GIUSEPPE
512,MEDA GIUSEPPE
513,MEDEGHINO
514,MESSINA
515,MESSINA
516,MESSINA
517,MESSINA
518,MESTRE
519,MEUCCI ANTONIO
520,MEUCCI ANTONIO
521,MILLY MIGNONE CARLA
522,MONTE CENGIO
523,MONTEGANI LODOVICO
524,MONTEGANI LODOVICO
525,MONTEGANI LODOVICO
527,MONTI VINCENZO
526,MONTI VINCENZO
528,MONTI VINCENZO
529,MORGANTINI MARIO
530,MURAT GIOACCHINO
531,MURAT GIOACCHINO
532,MURATORI LODOVICO
533,MUSSI GIUSEPPE
534,NEGROLI
535,NEGROLI
536,NIKOLAJEVKA
537,NOVARA
538,NOVARA
539,NOVARA
540,ORNATO LUIGI
541,ORNATO LUIGI
542,ORNATO LUIGI
543,OSOPPO
544,OZANAM FEDERICO
545,PACINI GIOVANNI
546,PACINI GIOVANNI
547,PADOVA
548,PADOVA
549,PADOVA
550,PADOVA
551,PADOVA
552,PADOVA
553,PADOVA
554,PADOVA
556,PADOVA
555,PADOVA
557,PADOVA
558,PADOVA
559,PADOVA
560,PADOVA
561,PADOVA
562,PADOVA
563,PAGLIANO ELEUTERIO
564,PAISIELLO GIOVANNI
565,PALAZZI LAZZARO
566,PALAZZI LAZZARO
567,PALAZZI LAZZARO
568,PALMA JACOPO
569,PALMANOVA
570,PARACELSO FILIPPO
571,PARAVIA PIER ALESSANDRO
572,PASCARELLA CESARE
573,PECCHIO GIUSEPPE
574,PECCHIO GIUSEPPE
575,PEZZOTTI GIOVANNI
576,PIERO DELLA FRANCESCA
577,
578,PIRANDELLO LUIGI
580,PISANELLO
579,PISANELLO
582,PLANA GIOVANNI ANTONIO
581,PLANA GIOVANNI ANTONIO
583,PLANA GIOVANNI ANTONIO
584,PLANA GIOVANNI ANTONIO
585,PLINIO CAIO SECONDO
586,PLINIO CAIO SECONDO
587,POLA
588,POLESINE
589,POLESINE
590,POLESINE
591,POLESINE
592,POLESINE
593,POLIZIANO
594,POLIZIANO
595,PONTE SEVESO
596,PONTE SEVESO
597,PONTE VECCHIO
598,PORDENONE
599,PORPORA NICOLA ANTONIO
600,PORPORA NICOLA ANTONIO
601,PRIMATICCIO FRANCESCO
602,PRIMATICCIO FRANCESCO
603,PURICELLI GIAN PIETRO
604,QUADRIO MAURIZIO
605,REMBRANDT
606,RESEGONE
607,RICCARDI PADRE PLACIDO
608,RICCIARELLI DANIELE
609,RICCIARELLI DANIELE
610,RICORDI GIOVANNI
611,RIPAMONTI GIUSEPPE
612,RIPAMONTI GIUSEPPE
613,RIPAMONTI GIUSEPPE
614,RIPAMONTI GIUSEPPE
617,RISMONDO FRANCESCO
615,RISMONDO FRANCESCO
616,RISMONDO FRANCESCO
618,RISMONDO FRANCESCO
619,RIVOLI
620,ROGGIA SCAGNA
621,ROMAGNOSI GIAN DOMENICO
622,ROMANO GIULIO
623,ROMANO GIULIO
624,ROMBON
625,ROMBON
626,ROMILLI ARCIVESCOVO
627,ROSSI PELLEGRINO
628,ROSSI PELLEGRINO
629,ROSSI PELLEGRINO
630,SALIERI ANTONIO
631,SALMINI VITTORIO
632,SALUTATI COLUCCIO
634,SAN FAUSTINO
638,SAN VINCENZO
633,SAND GEORGE
636,SANT' ANTONIO
635,SANTA MARIA SEGRETA
637,SANTA RITA DA CASCIA
639,
640,SARPI FRA' PAOLO
641,SARPI FRA' PAOLO
642,SARPI FRA' PAOLO
644,SARPI FRA' PAOLO
643,SARPI FRA' PAOLO
645,SEBASTIANO DEL PIOMBO
646,SERAO MATILDE
647,SMAREGLIA ANTONIO
648,SODERINI LUIGI
649,SOLARI ANDREA
650,SOLARI ANDREA
651,
652,SOLAROLI PAOLO
653,SOLFERINO
654,SOLFERINO
655,SONNINO SIDNEY
656,SPARTACO
657,SPARTACO
658,SPONTINI GASPARE
659,STATUTO
660,STATUTO
661,STOPPANI ANTONIO
662,STRAMBIO GAETANO
663,STRIGELLI GAETANO
664,TADINO ALESSANDRO
665,TADINO ALESSANDRO
666,TANTARDINI ANTONIO
667,TAORMINA
668,
669,TEANO
670,TELLINI ENRICO
671,TENCA CARLO
672,TEODOSIO
673,TEODOSIO
674,TEODOSIO
675,TERRUGGIA GIOVANNI
676,TESSA DELIO
677,TITO LIVIO
678,TITO LIVIO
679,TITO LIVIO
680,TITO LIVIO
681,TORRICELLI EVANGELISTA
682,TRINCEA DELLE FRASCHE
683,VAL DI LEDRO
687,VAL MAIRA
684,VALFURVA
685,VALFURVA
686,VALLAZZE
688,VARE' GIOVANNI BATTISTA
689,VARESE
690,VARESINA
691,VEGLIA
692,VENINI GIULIO E CORRADO
693,
694,VERDI GIUSEPPE
695,VERRAZZANO GIOVANNI
696,VETERE
697,VETTABBIA
698,VIGEVANO
699,VIMINALE
700,VIPACCO
701,
702,VITRUVIO
703,VITRUVIO
704,VITRUVIO
705,VITRUVIO
706,VITTADINI CARLO
707,VITTORINI ELIO
708,VOLTA ALESSANDRO
709,VOLVINIO
710,VOLVINIO
711,VOLVINIO
712,VOLVINIO
713,WASHINGTON GIORGIO
714,WASHINGTON GIORGIO
715,WATT GIACOMO
716,ZAMBALDI SILVIO
717,ZANELLA GIACOMO
718,
719,ZANTE
720,
721,ZURIGO
722,DELLA ROBBIA LUCA
723,ABRUZZI
724,ARGONNE
725,ARGONNE
726,ARGONNE
727,BACCHIGLIONE
728,BIANCA MARIA
729,BLIGNY
730,BRENTA
731,CA' GRANDA
732,CALDARA EMILIO
733,CAMPANIA
734,CASSALA
735,CERTOSA
736,CERTOSA
737,CERTOSA
738,COL DI LANA
739,COL DI LANA
740,CORSICA
741,DORIA ANDREA
742,DORIA ANDREA
743,FAMAGOSTA
744,
745,
746,GIOVANNI DA CERMENATE
747,GRAN SASSO
748,JENNER EDOARDO
749,LAZIO
750,LEGIONI ROMANE
751,LOMBARDIA
752,LUNIGIANA
753,LUNIGIANA
754,MARTINI ENRICO
755,MOLISE
756,MONTE CENERI
757,MONTE CENERI
758,MONTE CENERI
761,MONTE NERO
763,MONTE NERO
762,MONTE NERO
759,MONTELLO
760,MONTELLO
764,MONZA
765,MONZA
767,MONZA
766,MONZA
768,MONZA
769,MONZA
770,MONZA
771,ORIONE DON LUIGI
772,PASUBIO
773,PIAVE
774,PIAVE
775,PICENO
776,PISA
777,PISA
778,RAPISARDI MARIO
779,ROMAGNA
780,SABOTINO
781,SABOTINO
782,SAN MICHELE DEL CARSO
783,SARCA
784,SARCA
785,SAURO NAZARIO
786,SUZZANI GIOVANNI
787,TESTI FULVIO
788,TROYA CARLO
789,UMBRIA
790,UNGHERIA
791,ZARA
792,ZARA
793,SANTA MARIA VALLE
210,
243,
803,CONCORDIA
804,DI PORTA VITTORIA
805,DI PORTA VITTORIA
806,GARIBALDI GIUSEPPE
807,GARIBALDI GIUSEPPE
808,
809,MONFORTE
810,SAN GOTTARDO
811,SEMPIONE
812,SEMPIONE
813,AMADEO GIAN ANTONIO
814,BALBO CESARE
815,BENELLI SEM
816,BERGAMO
817,BIONDI EZIO
818,BROLETTO
819,BROLETTO
820,BUGATTI ETTORE
821,CENISIO
822,CENISIO
823,CERVA
824,COL MOSCHIN
825,COLONNA VITTORIA
826,COLONNA VITTORIA
827,CONTE VERDE
828,DE FILIPPI FILIPPO
831,F.LLI RUFFINI
829,FARINI CARLO
830,FAUCHE' GIOVANNI BATTISTA
832,GALLURA
833,GIAMBELLINO
834,LARGA
835,LOSANNA
836,MADONNINA
837,MANZONI ALESSANDRO
838,MARGHERA
839,MAURI ACHILLE
840,MAZZINI GIUSEPPE
841,MEDA GIUSEPPE
842,MONTI VINCENZO
843,MONTI VINCENZO
844,PACINI GIOVANNI
845,PADOVA
846,PONTE VETERO
847,RAVIZZA CARLO
848,REMBRANDT
849,ROVELLO
850,SAN MARCO
851,SANTA CROCE
853,SANTA SOFIA
852,SANTA SOFIA
854,SARDEGNA
855,SETTEMBRINI LUIGI
856,STATUTO
857,TALLONE CESARE
858,TERRAGGIO
859,TRAIANO MARCO ULPIO
860,VILLORESI EUGENIO
861,WASHINGTON GIORGIO
862,CASSIODORO
863,CERTOSA
864,
865,ROMAGNA
866,TUNISIA
867,VIGLIANI PAOLO ONORATO
869,COLOMBO CRISTOFORO
870,ITALIA
871,SAN GOTTARDO
872,UNIONE
873,SIENA
874,GASPARRI PIETRO
875,OBERDAN GUGLIELMO
876,SANT' AGOSTINO
877,ADRIANO PUBLIO ELIO
878,
879,
880,
881,BORDIGHERA
882,CELLINI BENVENUTO
883,CORRENTI CESARE
884,COSTA ANDREA
885,DE AMICIS EDMONDO
891,DE PRETIS AGOSTINO
892,DE RUGGIERO GUIDO
886,DEI TULIPANI
887,DELLA CAPINERA
888,
889,DELLE BETULLE
890,DELLE BETULLE
893,DONATELLO
894,
895,
896,GROSSI TOMMASO
897,MAC MAHON
898,MAFFEI ANDREA
899,MANTEGNA ANDREA
900,MARX CARLO
901,MECENATE
902,MINTURNO
903,
904,MONTE ROSA
905,MONTI VINCENZO
906,MORTARA
907,MOSCA ANTONIO
908,ORGANDINO GIUSEPPE
909,PACINI GIOVANNI
910,PALMANOVA
911,PARMIGIANINO
912,PERINI CARLO
913,PIRELLI GIOVANNI BATTISTA
914,RESSI ADEODATO
915,SAPONARO MICHELE
916,SPONTINI GASPARE
917,VIGEVANO
918,VITRUVIO
919,VOLTA ALESSANDRO
920,BEZZI ERGISTO
921,BLIGNY
922,LOMBARDIA
923,MONTE NERO
924,UMBRIA
794,DELLA MOSCOVA
795,POMPONAZZI PIETRO
796,WASHINGTON GIORGIO
797,BOLIVAR SIMONE
798,DURINI
31,BUENOS AIRES
32,
34,DI PORTA NUOVA
35,DI PORTA VITTORIA
36,DI PORTA VITTORIA
37,GARIBALDI GIUSEPPE
38,GARIBALDI GIUSEPPE
39,ITALIA
40,LODI
41,LODI
42,PLEBISCITI
43,VENTIDUE MARZO
44,VERCELLI
45,DUOMO
46,F.LLI ZAVATTARI
47,LAGOSTA
48,ANGILBERTO II
49,ASPARI DOMENICO
50,BOLIVAR SIMONE
51,BOLIVAR SIMONE
52,CHIARADIA ENRICO
53,DE ANGELI ERNESTO
54,DE ANGELI ERNESTO
55,DELLA REPUBBLICA
56,OSPEDALE MAGGIORE
57,PREALPI
58,RISORGIMENTO
59,ALTAMURA SAVERIO
60,AMADEO GIAN ANTONIO
61,ARBE
62,ARCHIMEDE
63,ARNOLFO DI CAMBIO
64,ASTESANI ALESSANDRO
65,BERGAMO
66,BERGAMO
67,BERGOGNONE AMBROGIO DA FOSSANO
68,BONGHI RUGGERO
70,BORSI GIOSUE'
69,BORSI GIOSUE'
71,BOSCOVICH RUGGERO
72,BOTTESINI GIOVANNI
73,BRUZZESI GIACINTO
74,BUSCHI AVERARDO
75,CACCIATORI BENEDETTO
76,CADORE
77,CAPECELATRO ALFONSO
78,CAPPELLINI ALFREDO
79,CASORETTO
80,CASTALDI PANFILO
81,CELIO
82,CESARIANO CESARE
83,CIVITALI MATTEO
84,COLLETTA PIETRO
85,CONSOLE MARCELLO
86,COPERNICO NICOLO'
87,CORREGGIO
88,CORREGGIO
89,CRESPI PIETRO
90,CRESPI PIETRO
91,CUSANI
92,DARWIN CARLO ROBERTO
93,DE AMICIS EDMONDO
94,DE CRISTOFORIS CARLO
99,DE PRETIS AGOSTINO
98,DEL RICORDO
95,DELLA MOSCOVA
96,DELLE FORZE ARMATE
97,DELLE FORZE ARMATE
100,DOGANA
101,DRAGO MARIA
102,FARINI CARLO
103,FILZI FABIO
104,FRIULI
105,GAFFURIO FRANCHINO
106,GESSI ROMOLO
107,GIAMBELLINO
108,GIAMBELLINO
109,GIOIA MELCHIORRE
110,IMBONATI CARLO
111,ISIMBARDI INNOCENZO
112,LARIO
113,LEPETIT ROBERTO
114,LESSONA MICHELE
115,LIVIGNO
116,LODOVICO IL MORO
117,LORENTEGGIO
118,MANTOVA
119,MANTOVA
120,MARCONA
121,MASCHERONI LORENZO
122,MASOLINO DA PANICALE
123,MASOTTO UMBERTO
124,MEDA GIUSEPPE
125,MEDA GIUSEPPE
126,MELZO
127,MERLO CARLO GIUSEPPE
128,MEUCCI ANTONIO
129,MILLELIRE DOMENICO
130,MILLELIRE DOMENICO
131,MONTE CENGIO
132,MONTE GENEROSO
133,MONTE OLIVETO
134,MORIGI
135,NERINO
136,ORSINI VINCENZO GIORDANO
137,PALIZZI FILIPPO
138,PALMA JACOPO
139,PAMPURI FRA' RICCARDO
140,PARAVIA PIER ALESSANDRO
141,PARINI GIUSEPPE
142,PASCOLI GIOVANNI
143,PAULUCCI DI CALBOLI FULCIERI
144,PAVIA
145,PECCHIO GIUSEPPE
147,PETROCCHI POLICARPO
146,PETROCCHI POLICARPO
148,PEZZOTTI GIOVANNI
149,PIERI MARIO
150,PIERLUIGI GIOVANNI DA PALESTRINA
151,PIRANO
152,PLINIO CAIO SECONDO
153,PONTE SEVESO
154,PORPORA NICOLA ANTONIO
155,PRINA GIUSEPPE
156,PRINCIPE EUGENIO
157,PRINCIPE EUGENIO
158,PULCI LUIGI
159,QUARENGHI GIACOMO
160,REMBRANDT
161,RIPAMONTI GIUSEPPE
162,RONCHI
163,RUBENS PIETRO
171,S. GIOV. SUL MURO
172,S. GIOV. SUL MURO
164,SALA DEI LONGOBARDI
165,SAN GREGORIO
166,SAN LUCA
170,SAN VINCENZO
168,SANT' EUFEMIA
167,SANTA RITA DA CASCIA
169,SANTISSIMI NABORE E FELICE
173,SOLARI ANDREA
174,TARAMELLI TORQUATO
175,TARRA GIULIO
176,TARRA GIULIO
177,TARTINI GIUSEPPE
178,TRAIANO MARCO ULPIO
179,TRIESTE
180,TRIVULZIO ANTONIO TOLOMEO
181,VAL DI BONDO
182,VAL TROMPIA
183,VARESINA
184,VITRUVIO
185,VIVIANI VINCENZO
186,WASHINGTON GIORGIO
187,WASHINGTON GIORGIO
188,ZECCA VECCHIA
189,BEATRICE D'ESTE
190,CERTOSA
191,D'ANNUNZIO GABRIELE
192,DELLE RIMEMBRANZE DI GRECO
193,DORIA ANDREA
194,FAMAGOSTA
195,MONTE CENERI
196,PIAVE
197,REGINA GIOVANNA
198,REGINA GIOVANNA
199,REGINA MARGHERITA
200,SABOTINO
201,STELVIO
202,TESTI FULVIO
203,TROYA CARLO
204,UMBRIA
205,UMBRIA
206,UMBRIA
207,VITTORIO VENETO
799,BUENOS AIRES
800,DEGLI OMENONI
801,MONTEGANI LODOVICO
802,RENZO E LUCIA
868,MONZA
925,VENEZIA
926,PERRUCCHETTI GIUSEPPE
927,SAINT BON SIMONE
928,COL DI LANA
929,LIMA
930,CIVITALI MATTEO
931,DEI VALTORTA
932,DOGANA
933,LECCO
934,LODOVICO IL MORO
935,MANZONI ALESSANDRO
936,MODESTINO
937,MORAZZONE
938,OZANAM FEDERICO
939,PADOVA
940,POGGIBONSI
941,POLONIA
942,PONTE SEVESO
943,REMBRANDT
944,RIPAMONTI GIUSEPPE
945,STAMIRA D'ANCONA
946,STAZIO CECILIO
947,VALLA LORENZO
948,ARETUSA
949,BIANCA MARIA
950,BLIGNY
951,LEGIONI ROMANE
952,LOMBARDIA
953,STELVIO
954,EMO ANGELO
955,INDIPENDENZA
956,LODI
957,LAGOSTA
958,CARTAGINE
959,SEI FEBBRAIO
960,DI PTA TICINESE
961,ALCUINO
962,AMADEO GIAN ANTONIO
963,AMPERE ANDREA MARIA
964,ANSELMO DA BAGGIO
965,AOSTA
966,ARIMONDI GIUSEPPE
967,ARNOLFO DI CAMBIO
968,ASELLI GASPARE
969,ASTESANI ALESSANDRO
970,BENADIR
971,BIGLI
972,BIXIO NINO
973,BRENO
974,BRIOSCHI FRANCESCO
975,BRUSUGLIO
976,CARDUCCI GIOSUE'
977,CASARSA
978,CASCINA BAROCCO
979,CASELLA GIOVANNI BATTISTA
980,CASTEL MORRONE
981,CENISIO
982,CENISIO
983,CERVIGNANO
984,CIVITALI MATTEO
985,CRESCENZAGO
986,CUSTODI PIETRO
992,DE SANCTIS FRANCESCO
987,DEL DON
990,DEL RICORDO
991,DEL TURCHINO
988,DELLA CHIESA ROSSA
989,DELLA TORRE
993,EDOLO
994,FAA' DI BRUNO EMILIO
995,FANFULLA DA LODI
996,FARINI CARLO
997,FARINI CARLO
998,FAUCHE' GIOVANNI BATTISTA
999,FERRARI GAUDENZIO
1000,FILZI FABIO
1001,FIUGGI
1002,FRIULI
1003,GALLARATE
1004,GIAMBELLINO
1005,GIAMBELLINO
1006,GIAMBELLINO
1007,GLUCK CRISTOFORO
1008,INAMA VIRGILIO
1009,LAZZARETTO
1010,LECCO
1011,LECCO
1012,LEONCAVALLO RUGGERO
1013,LEPETIT ROBERTO
1014,LEPONTINA
1015,LIVIGNO
1016,LOMELLINA
1017,LULLI GIOVANNI
1018,MADERNA BRUNO
1019,MARCELLO BENEDETTO
1020,MARCO D'AGRATE
1021,MARONCELLI PIETRO
1022,MEDA GIUSEPPE
1023,MENABREA LUIGI FEDERICO
1024,MENOTTI CIRO
1025,MEUCCI ANTONIO
1026,MONTEVIDEO
1027,MURATORI LODOVICO
1028,NICCOLINI GIOVANNI BATTISTA
1029,NOVARA
1030,PACINI GIOVANNI
1031,PACINOTTI FRA' ANTONIO
1032,PADOVA
1033,PADOVA
1034,PALLADIO ANDREA
1035,PALMANOVA
1036,PALMANOVA
1037,PERGOLESI GIOVANNI BATTISTA
1038,PETRELLA ERRICO
1039,PETROCCHI POLICARPO
1040,PIERLUIGI GIOVANNI DA PALESTRINA
1041,PISTRUCCI SCIPIONE
1043,PLINIO CAIO SECONDO
1042,PLINIO CAIO SECONDO
1044,PORRO LAMBERTENGHI LUIGI
1045,PROCACCINI GIULIO CESARE
1046,RIPAMONTI GIUSEPPE
1047,RIPAMONTI GIUSEPPE
1048,RIPAMONTI GIUSEPPE
1051,SAN GREGORIO
1050,SAN GREGORIO
1049,SANFELICE LUISA
1052,SANTA RITA DA CASCIA
1053,SIRTORI GIUSEPPE
1054,SISMONDI GIANCARLO
1055,SISMONDI GIANCARLO
1056,TADINO ALESSANDRO
1058,TAJANI FILIPPO
1059,TAJANI FILIPPO
1057,TAJANI FILIPPO
1060,TARTINI GIUSEPPE
1061,TENCA CARLO
1062,TEODOSIO
1063,TITO LIVIO
1064,TORRIANI NAPO
1065,TORRIANI NAPO
1066,TORRICELLI EVANGELISTA
1067,TRAIANO MARCO ULPIO
1068,UCCELLO PAOLO
1069,VALENZA
1070,VARANINI LUIGI
1071,VENINI GIULIO E CORRADO
1072,VENINI GIULIO E CORRADO
1073,ZANELLA GIACOMO
1074,ZURETTI GIANFRANCO
1075,ABRUZZI
1076,ARETUSA
1077,BEZZI ERGISTO
1078,CAMPANIA
1079,CERTOSA
1080,CRISPI FRANCESCO
1081,D'ANNUNZIO GABRIELE
1082,GRAN SASSO
1083,LUCANIA
1084,MONZA
1085,PISA
1086,RODI
1087,SUZZANI GIOVANNI
1088,UMBRIA
1089,MANTOVA
1106,OBERDAN GUGLIELMO
1107,VAL TROMPIA
1108,VOLVINIO
1109,CORSICA
1110,PAPINIANO
1111,DEL TRICOLORE
1112,ANFOSSI AUGUSTO
1113,ASTICO
1114,BONVESIN DE LA RIVA
1115,
1116,CADORE
1117,CAPECELATRO ALFONSO
1118,DEGLI OROMBELLI
1119,DEI CINQUECENTO
1120,DEL TURCHINO
1121,MELLONI MACEDONIO
1122,MORA GIAN GIACOMO
1123,PADOVA
1124,PALMANOVA
1125,PISACANE CARLO
1126,PORDENONE
1127,SOTTOCORNO PASQUALE
1128,VISCONTI DI MODRONE UBERTO
1129,BRENTA
1130,SABOTINO
1131,CAMPANIA
1132,EUSTACHI BARTOLOMEO
1133,GARIBALDI GIUSEPPE
1134,BOIARDO MATTEO MARIA
1135,DERNA
1136,GRIGNA
1137,
1138,MONZA
1139,GALLURA
1140,ROMAGNA
1141,COMO
1142,CONCORDIA
1143,LODI
1144,SAN GOTTARDO
1145,GOVERNO PROVVISORIO DI LOMBARDIA
1146,FRATTINI PIETRO
1147,OBERDAN GUGLIELMO
1148,ALESSI GALEAZZO
1149,ARGANINI GEROLAMO
1150,CARABELLI RODOLFO
1151,CARPI EUGENIO
1152,CATALANI ALFREDO
1156,DE ROSSI GIOVANNI BATTISTA
1153,DEI BIANCOSPINI
1154,DEI TRANSITI
1155,DELLE FORZE ARMATE
1157,DURAZZO
1159,F.LLI BRONZETTI
1158,FARA GUSTAVO
1160,FORNI GEROLAMO
1161,
1162,GROSSICH ANTONIO
1163,ISERNIA
1164,LOPEZ SABATINO
1165,LORENTEGGIO
1166,MAINONI D'INTIGNANO LUIGI
1167,MENABREA LUIGI FEDERICO
1168,MENOTTI CIRO
1169,MOSCA ANTONIO
1170,OLGETTINA
1171,OLTROCCHI BALDASSARE
1172,PALERMO
1173,PASTEUR LUIGI
1174,PASTRENGO
1175,PEZZOTTI GIOVANNI
1176,PIACENZA
1177,PIERLUIGI GIOVANNI DA PALESTRINA
1178,PIERLUIGI GIOVANNI DA PALESTRINA
1179,PLINIO CAIO SECONDO
1180,PREVIATI GAETANO
1181,RAVENNA
1182,ROMEO NICOLA
1183,ROMILLI ARCIVESCOVO
1184,SANTI FERNANDO
1185,SAVONA
1186,SAVONA
1187,SPARTACO
1188,URBANO III
1189,WASHINGTON GIORGIO
1190,ZANELLA GIACOMO
1191,ARETUSA
1192,BLIGNY
1193,BLIGNY
1194,CONI ZUGNA
1195,CONI ZUGNA
1196,DELLE RIMEMBRANZE DI GRECO
1197,ESPINASSE CARLO
1198,ETIOPIA
1199,FAMAGOSTA
1200,MONTE NERO
1201,PASUBIO
1202,ROMAGNA
1203,
1204,TIBALDI
1205,UMBRIA
1207,TIRABOSCHI GEROLAMO
1208,VAL MAIRA
1209,VALTELLINA
1210,ESPINASSE CARLO
1211,MONTE NERO
1212,CERVA
1213,FRUGONI CARLO INNOCENZO
1214,GIARDINO GAETANO
1215,SANTA TECLA
1216,FAMAGOSTA
1217,PREMUDA
1218,TUNISIA
1219,UMBRIA
1206,MARGHERA
1220,NAVIGLIO GRANDE
1221,DI PORTA NUOVA
1222,BUENOS AIRES
1224,BUENOS AIRES
1223,BUENOS AIRES
1225,BUENOS AIRES
1226,COMO
1227,CONCORDIA
1228,DI PORTA ROMANA
1229,DI PORTA ROMANA
1230,DI PORTA ROMANA
1231,DI PORTA TICINESE
1232,GARIBALDI GIUSEPPE
1233,GENOVA
1234,INDIPENDENZA
1235,INDIPENDENZA
1236,ITALIA
1237,LODI
1238,LODI
1239,LODI
1240,LODI
1241,LODI
1242,LODI
1243,MAGENTA
1244,MAGENTA
1245,SEMPIONE
1248,VENEZIA
1246,VENEZIA
1247,VENEZIA
1249,VENTIDUE MARZO
1250,VENTIDUE MARZO
1251,VENTIDUE MARZO
1252,VERCELLI
1253,BUONAPARTE
1254,BUENOS AIRES
1255,PASSARELLA
1256,PASSARELLA
1257,BRASILIA
1258,DEI GELSOMINI
1259,DOMODOSSOLA
1260,F.LLI CERVI
1261,PROMESSI SPOSI
1262,SCALABRINI GIOVANNI BATTISTA
1263,ARDUINO
1264,BACONE FRANCESCO
1265,BARACCA FRANCESCO
1266,BIANCAMANO
1267,CANTORE ANTONIO
1268,CHIESA DAMIANO
1269,FERRARA
1270,ISTRIA
1271,ISTRIA
1272,LAGOSTA
1273,LAVATER
1274,LORETO
1275,LORETO
1276,MACIACHINI CARLO
1278,MARTINI FERDINANDO
1277,MARTINI FERDINANDO
1279,MARTINI FERDINANDO
1280,SIENA
1281,SIENA
1282,STAZIONE DI PORTA GENOVA
1283,SUSA
1284,SUSA
1285,
1286,ASPROMONTE
1287,BELFANTI SERAFINO
1288,BETTINI LIONELLO
1289,BONOMELLI GEREMIA
1290,BUOZZI BRUNO
1291,CASTELLI POMPEO
1292,CHIARADIA ENRICO
1293,CHIARADIA ENRICO
1294,CINQUE GIORNATE
1295,DELLA REPUBBLICA
1296,FERRAVILLA EDOARDO
1297,FORTUNATO GIUSTINO
1298,GERUSALEMME
1299,GRAMSCI ANTONIO
1300,GRAMSCI ANTONIO
1301,GRANDI GIUSEPPE
1302,GRANDI GIUSEPPE
1303,GRECO
1304,GUARDI FRANCESCO
1305,IMPERATORE TITO
1306,LIMA
1307,MONTI GIOSIA
1308,NAPOLI
1309,PREALPI
1310,RISORGIMENTO
1311,SAN FEDELE
1312,SAN GIUSEPPE
1313,SAN NAZARO IN BROLO
1316,SANT' AGOSTINO
1315,SANT' AGOSTINO
1314,SANTA FRANCESCA ROMANA
1317,SCHIAVONE ANDREA
1318,SCHIAVONE ANDREA
1319,SCOLARI ROSA
1320,TIRANA
1321,VELASCA
1322,DI PTA TICINESE
1323,DI PTA TICINESE
1324,ABBAZIA
1325,ADIGE
1326,ADIGE
1327,ADRIANO PUBLIO ELIO
1328,AJACCIO
1329,ALBANI FRANCESCO
1330,ALBERTINELLI MARIOTTO
1331,ALBRICCI ALBERICO
1332,ALCIATI AMBROGIO
1333,ALCUINO
1334,ALEARDI ALEARDO
1335,ALSERIO
1336,ALSERIO
1337,AMADEO GIAN ANTONIO
1338,AMADEO GIAN ANTONIO
1339,AMORETTI CARLO
1340,AMPERE ANDREA MARIA
1341,AMPERE ANDREA MARIA
1342,ANFOSSI AUGUSTO
1343,ANFOSSI AUGUSTO
1344,ANGELO DELLA PERGOLA
1345,ANGELONI LUIGI
1346,ANGELONI LUIGI
1347,ANGELONI LUIGI
1348,ANSELMO DA BAGGIO
1349,ANSELMO DA BAGGIO
1350,ANZANI FRANCESCO
1351,APELLE
1352,APPENNINI
1353,
1354,ARBE
1355,ARCHIMEDE
1356,ARCHIMEDE
1357,ARCHIMEDE
1358,ARENA
1359,ARICI CESARE
1360,ARISTOTELE
1361,ARISTOTELE
1362,ARISTOTELE
1363,ARNO' RICCARDO
1364,ARQUA'
1365,ARSIA
1366,ARZAGA
1367,ASIAGO
1368,ASIAGO
1369,ASTESANI ALESSANDRO
1370,BALDINUCCI FILIPPO
1371,BALDINUCCI FILIPPO
1372,BALILLA
1373,BARABINO NICOLO'
1374,BARDELLI GIUSEPPE
1375,BARI
1376,
1377,BARONI COSTANTINO
1378,
1379,BASSI PAOLO
1380,BATTISTI CESARE
1381,BATTISTOTTI SASSI LUISA
1382,BATTISTOTTI SASSI LUISA
1383,BAZZINI ANTONIO
1384,BELINZAGHI GIULIO
1385,BELLARMINO ROBERTO
1386,BELLERIO CARLO
1387,BELLEZZA GIOVANNI
1388,BELLINI GENTILE
1389,BENACO
1390,BENEFATTORI DELL'OSPEDALE
1391,BERGAMO
1392,BERTANI AGOSTINO
1393,
1394,BERUTO CESARE
1395,
1396,BEZZECCA
1397,BIANCHI MOSE'
1398,BINDA AMBROGIO
1399,BINDA AMBROGIO
1400,BIONDI EZIO
1401,BIRAGHI LUIGI
1402,BISI ALBINI SOFIA
1403,BISLERI FELICE
1404,BIXIO NINO
1405,
1406,BONCOMPAGNI CARLO
1407,BONCOMPAGNI CARLO
1408,BONFADINI ROMUALDO
1409,BONFADINI ROMUALDO
1410,BONGHI RUGGERO
1411,BONI GIACOMO
1412,BONI GIACOMO
1413,BONI GIACOMO
1414,BONI GIACOMO
1415,BONI GIACOMO
1416,BORDONI ANTONIO
1417,BORSIERI PIETRO
1418,BOSCOVICH RUGGERO
1419,BOTTA CARLO
1423,BRA'
1420,BRACCIO DA MONTONE
1421,BRAMANTE
1422,BRAMANTE
1424,BRISA
1425,BROGGI GIUSEPPE
1426,BRONZINO
1427,BRUNACCI VINCENZO
1428,BRUNO GIORDANO
1429,BRUZZESI GIACINTO
1430,BUDUA
1431,BUONARROTI MICHELANGELO
1432,BUSCHI AVERARDO
1433,
1434,CADIBONA
1435,CAGLIERO GIOVANNI
1436,CAGLIERO GIOVANNI
1437,CAGNOLA LUIGI
1438,
1439,CALIFORNIA
1440,CALZECCHI TEMISTOCLE
1441,CAMERINI EUGENIO
1442,CAMINADELLA
1443,CANNERO
1444,CANTONI COSTANZO
1445,CAPECELATRO ALFONSO
1446,CAPECELATRO ALFONSO
1447,CAPECELATRO ALFONSO
1448,CAPPONI PIER LUIGI
1449,CAPPONI PIER LUIGI
1450,CARABELLI RODOLFO
1451,CARACCIOLO FRANCESCO
1452,CARCANO GIULIO
1453,
1454,CARDINALE MEZZOFANTI
1455,CARDUCCI GIOSUE'
1456,CARDUCCI GIOSUE'
1457,CARLI GIAN RINALDO
1458,CARLONE CARLO ANTONIO
1459,CARNEVALI ANTONIO
1460,CARNIA
1461,CARNIA
1462,CARONCINI ALBERTO
1463,CARROCCIO
1464,CASCINA BAROCCO
1465,CASCINA BAROCCO
1466,CASCINA BIANCA
1467,CASORETTO
1468,CASORETTO
1469,CASORETTO
1470,CASTALDI PANFILO
1471,CASTALDI PANFILO
1472,CASTALDI PANFILO
1473,CASTEL MORRONE
1474,CATALANI ALFREDO
1475,CAVALCANTI GUIDO
1476,CELIO
1477,CENISIO
1478,CENISIO
1479,CENISIO
1480,CENISIO
1481,CENISIO
1482,CENISIO
1483,
1484,CESARE DA SESTO
1487,CESARI ANTONIO
1485,CESARIANO CESARE
1486,CESARIANO CESARE
1488,CHIANCIANO
1489,
1490,CHINOTTO EDOARDO
1491,CHIOGGIA
1492,CICERI VISCONTI LAURA
1493,CILEA FRANCESCO
1494,CIMABUE GIOVANNI
1495,
1496,CINO DA PISTOIA
1497,CINQUE MAGGIO
1498,CIVITALI MATTEO
1499,CIVITALI MATTEO
1500,COLA DI RIENZO
1501,COLA MONTANO
1502,COLLECCHIO
1503,CONCA DEL NAVIGLIO
1504,CONCHETTA
1505,CONSOLE MARCELLO
1506,CORREGGIO
1507,CORREGGIO
1508,CORREGGIO
1509,CREMA
1510,CREMA
1511,CRESCENZAGO
1512,CRESPI PIETRO
1513,CUCCHIARI DOMENICO
1514,CUCCHIARI DOMENICO
1515,CUZZI GIUSEPPE
1516,DAL RE MARCANTONIO
1517,DAVANZATI BERNARDO
1518,DE AMICIS EDMONDO
1559,DE MARCHI EMILIO
1561,DE RUGGIERO GUIDO
1562,DE SANCTIS FRANCESCO
1563,DE SANCTIS FRANCESCO
1519,
1520,DEGLI ETRUSCHI
1521,DEGLI IMBRIANI
1522,DEGLI UMILIATI
1523,DEGLI ZUCCARO
1524,DEI BIANCOSPINI
1525,DEI CARAFA
1526,DEI CINQUECENTO
1527,DEI CINQUECENTO
1528,DEI CINQUECENTO
1529,DEI FIORDALISI
1530,DEI GRIMANI
1531,DEI PANIGAROLA
1532,
1533,DEL DON
1534,DEL FUSARO
1551,DEL LIRI
1553,DEL TORCHIO
1554,DEL TORCHIO
1555,DEL TORCHIO
1556,DEL TURCHINO
1557,DEL TURCHINO
1558,DEL TURCHINO
1537,DELL' ALLODOLA
1552,DELL' UNIONE
1535,DELLA CAPINERA
1536,DELLA COMMENDA
1538,DELLA PALLA
1539,DELLA SILA
1540,DELLA SPIGA
1541,DELLA TORRE
1542,DELLA TORRE
1543,
1544,DELLE ERBE
1545,DELLE FORZE ARMATE
1546,DELLE FORZE ARMATE
1547,DELLE FORZE ARMATE
1548,
1549,DELLE PRIMULE
1550,DELLE STELLINE
1560,DERNA
1564,DESIDERIO
1565,DIOTTI BENEDETTO
1566,DOLCI CARLO
1567,DOLOMITI
1568,DOMENICHINO
1569,DOMENICHINO
1570,DOMOKOS
1573,DON BOSCO
1574,DON BOSCO
1575,DON RODRIGO
1571,DONATELLO
1572,DONATELLO
1576,DUGNANI ANTONIO
1577,EDOLO
1578,EDOLO
1579,
1580,ESTERLE CARLO
1581,EUSTACHI BARTOLOMEO
1582,EUSTACHI BARTOLOMEO
1599,F.LLI ANTONA TRAVERSI
1600,F.LLI ANTONA TRAVERSI
1601,F.LLI BRONZETTI
1602,F.LLI LUMIERE
1603,F.LLI ZANZOTTERA
1604,F.LLI ZOIA
1583,FAA' DI BRUNO EMILIO
1584,FABRIANO
1585,FACCHINETTI CIPRIANO
1586,FARINI CARLO
1587,FARINI CARLO
1588,FARINI CARLO
1589,FARUFFINI FEDERICO
1590,FAUCHE' GIOVANNI BATTISTA
1592,FELTRE
1591,FELTRE
1593,FERRUCCI FRANCESCO
1594,
1595,FILZI FABIO
1596,FILZI FABIO
1597,FIUGGI
1598,
1605,FOGAZZARO ANTONIO
1606,FONSECA PIMENTEL ELEONORA
1607,FONTANA
1608,FONTANELLI ACHILLE
1609,FOPPA VINCENZO
1610,FOPPA VINCENZO
1611,FOPPA VINCENZO
1612,FORNARI PASQUALE
1614,FRA' CRISTOFORO
1613,FRACASTORO GIROLAMO
1615,FREIKOFEL
1616,FRISI PAOLO
1618,FRIULI
1617,FRIULI
1619,FRIULI
1620,GAFFURIO FRANCHINO
1621,GALENO CLAUDIO
1622,GALLARATE
1623,GALLARATE
1624,GAMBOLOITA
1625,GENTILI ALBERICO
1626,GESSI ROMOLO
1627,GIACOSA GIUSEPPE
1628,
1629,
1630,GIOIA MELCHIORRE
1631,GIOIA MELCHIORRE
1632,GIOIA MELCHIORRE
1633,
1634,GIUBA
1635,GOLA EMILIO
1636,GOLDONI CARLO
1637,GOVONE GIUSEPPE
1638,GOVONE GIUSEPPE
1639,GOZZANO GUIDO
1640,GRAN SAN BERNARDO
1641,GRASSELLI ANNIBALE
1642,GRATOSOGLIO
1643,GRIOLI DON GIOVANNI
1644,GROSSICH ANTONIO
1645,GROSSICH ANTONIO
1646,GUINTELLINO GUGLIELMO
1647,HAYEZ FRANCESCO
1648,HERMADA
1649,HERMADA
1650,IMBONATI CARLO
1651,IMPERIA
1652,INAMA VIRGILIO
1653,INGANNI ANGELO
1654,INGANNI ANGELO
1655,INGANNI ANGELO
1657,INGANNI ANGELO
1656,INGANNI ANGELO
1658,INGEGNOLI FRANCESCO
1659,ISIMBARDI INNOCENZO
1660,JACOPINO DA TRADATE
1661,JACOPINO DA TRADATE
1662,JACOPO DAL VERME
1663,KRAMER ANTONIO
1664,LAGRANGE GIUSEPPE
1665,LAGRANGE GIUSEPPE
1666,LAMARMORA ALFONSO
1667,LAMBRATE
1668,LAMBRO
1669,LANINO BERNARDINO
1670,LARIO
1671,
1672,LAZZARETTO
1673,LAZZARONI GIUSEPPINA
1674,LEGNONE
1675,LEGNONE
1676,LEONCAVALLO RUGGERO
1677,LEPONTINA
1678,LESSONA MICHELE
1679,LIPARI
1680,LIPPI FILIPPINO
1681,LISCATE
1682,LITTA MODIGNANI ALESSANDRO
1683,LIVIGNO
1684,LODOVICO IL MORO
1685,LODOVICO IL MORO
1686,LODOVICO IL MORO
1687,LODOVICO IL MORO
1688,LOMAZZO PAOLO
1689,LOMAZZO PAOLO
1690,LOMBARDINI ELIA
1691,LOMELLINA
1692,LOMELLINA
1693,
1694,LOPEZ SABATINO
1695,LORENTEGGIO
1696,LORENTEGGIO
1697,LORENTEGGIO
1698,LORENTEGGIO
1699,LORENTEGGIO
1700,LORENTEGGIO
1701,LORIA MOISE'
1702,LOSANNA
1703,LULLI GIOVANNI
1704,LUTERO MARTINO
1705,MACCHI MAURO
1706,MACCHI MAURO
1707,MAFFI CARDINALE PIETRO
1708,MAFFUCCI ANGIOLO
1709,MAFFUCCI ANGIOLO
1710,MAGNASCO ALESSANDRO
1711,MAIOCCHI ACHILLE
1712,MALPIGHI MARCELLO
1713,MALPIGHI MARCELLO
1714,MAMBRETTI ANTONIO
1715,MAMBRETTI ANTONIO
1716,MAMIANI TERENZIO
1717,MANGIAGALLI LUIGI
1718,MANTEGNA ANDREA
1719,MARCELLO BENEDETTO
1720,MARCIANO
1721,MARCO D'AGRATE
1722,MARCO D'OGGIONO
1723,MARCONA
1724,MARCONA
1725,MARESCALCHI FERDINANDO
1726,MARGHERA
1727,MARINETTI FILIPPO TOMMASO
1728,MAROCCO PIETRO
1729,MAROCCO PIETRO
1730,MAROCHETTI CARLO
1731,MAROCHETTI CARLO
1732,MARONCELLI PIETRO
1733,MARTINENGO FRANCESCO
1734,MARTIRI OSCURI
1735,MASCHERONI LORENZO
1736,MASOLINO DA PANICALE
1737,MASOTTO UMBERTO
1738,MECENATE
1739,MECENATE
1740,MECENATE
1741,MEDA GIUSEPPE
1742,
1743,MEDEGHINO
1744,MEDEGHINO
1745,MEDEGHINO
1746,MELATO MARIA
1747,MELLONI MACEDONIO
1748,MELZO
1749,MENABREA LUIGI FEDERICO
1750,MENOTTI CIRO
1751,MERAVIGLI
1752,MERCADANTE SAVERIO
1753,MERCADANTE SAVERIO
1754,MERCATO
1755,MEUCCI ANTONIO
1756,MICHELINO DA BESOZZO
1757,MILLELIRE DOMENICO
1758,MINCIO
1759,MODENA GUSTAVO
1760,MODENA GUSTAVO
1761,MOLA PIER FRANCESCO
1762,MOLA PIER FRANCESCO
1763,MOLINO DELLE ARMI
1764,
1765,MONDOVI'
1766,MONFALCONE
1770,MONTE NAPOLEONE
1771,MONTE NAPOLEONE
1772,MONTE PALOMBINO
1773,MONTE POPERA
1774,MONTE ROSA
1775,
1776,MONTE ROTONDO
1777,MONTE SAN GABRIELE
1778,MONTE SAN GENESIO
1779,MONTE SAN GENESIO
1780,MONTE SAN GENESIO
1767,MONTEGANI LODOVICO
1769,MONTEGANI LODOVICO
1768,MONTEGANI LODOVICO
1781,
1782,MORA GIAN GIACOMO
1783,MORGAGNI GIOVANNI BATTISTA
1784,MORGANTINI MARIO
1785,MORONE GEROLAMO
1786,MOROSINI EMILIO
1787,MOROSINI EMILIO
1788,
1789,MOSCATI PIETRO
1790,MURAT GIOACCHINO
1791,MURAT GIOACCHINO
1792,MURATORI LODOVICO
1793,MURATORI LODOVICO
1794,MURATORI LODOVICO
1795,MUSSI GIUSEPPE
1796,
1797,NEGROLI
1798,NICCODEMI DARIO
1799,NICCOLINI GIOVANNI BATTISTA
1800,NOTA ALBERTO
1801,NOVARA
1802,NOVARA
1803,OGLIO
1804,OLONA
1805,ORIANI ALFREDO
1806,ORNATO LUIGI
1807,OROBONI ANTONIO
1808,ORTICA
1809,OVADA
1810,PACINI GIOVANNI
1811,PACINI GIOVANNI
1812,PACINI GIOVANNI
1813,PADOVA
1814,PADOVA
1815,PADOVA
1816,PADOVA
1817,PADOVA
1818,PADOVA
1819,PADOVA
1820,PADOVA
1821,PALAZZI LAZZARO
1823,PALERMO
1822,PALERMO
1824,
1825,PALMA JACOPO
1826,PALMANOVA
1827,PALMANOVA
1828,
1829,PALMIERI NICOLA
1830,PANIZZI ANTONIO
1831,PANTIGLIATE
1832,PAOLO DA CANNOBIO
1833,PARENZO
1834,PARETO VILFREDO
1835,PARINI GIUSEPPE
1836,
1837,PASCARELLA CESARE
1838,PASCOLI GIOVANNI
1839,PASSERONI GIAN CARLO
1840,PAULLO
1841,PELITTI GIUSEPPE
1842,PETROCCHI POLICARPO
1843,PIACENZA
1844,PICCO MADRE ANNA EUGENIA
1845,PIERLUIGI GIOVANNI DA PALESTRINA
1846,PIERLUIGI GIOVANNI DA PALESTRINA
1847,PIERO DELLA FRANCESCA
1848,PIERO DELLA FRANCESCA
1849,PIERO DELLA FRANCESCA
1850,PILO ROSOLINO
1851,PIO II
1852,PISACANE CARLO
1853,PISANELLO
1854,PISANI VITTOR
1855,PISTRUCCI SCIPIONE
1856,PLANA GIOVANNI ANTONIO
1857,PLINIO CAIO SECONDO
1858,PLINIO CAIO SECONDO
1859,PLINIO CAIO SECONDO
1860,PLINIO CAIO SECONDO
1861,
1862,POGGIBONSI
1863,POLA
1864,
1865,POMA CARLO
1866,POMPONAZZI PIETRO
1868,PONALE
1867,PONALE
1869,PONCHIELLI AMILCARE
1870,PONTACCIO
1871,PONTACCIO
1872,PONTE NUOVO
1873,PONTE SEVESO
1874,PONTE SEVESO
1875,PONTE SEVESO
1876,PONTI ANDREA
1877,PONTI DELLA PRIULA
1878,PONTI ETTORE
1879,PONTI ETTORE
1880,POPOLI UNITI
1881,PORDENONE
1882,PORDENONE
1883,PORPORA NICOLA ANTONIO
1884,PORPORA NICOLA ANTONIO
1885,PORPORA NICOLA ANTONIO
1886,PORPORA NICOLA ANTONIO
1887,PORPORA NICOLA ANTONIO
1888,PORTINARI PIGELLO
1889,PREDA PIERO
1890,PRESTINARI MARCELLO
1891,PREVIATI GAETANO
1892,PRIMATICCIO FRANCESCO
1893,
1894,PROCACCINI GIULIO CESARE
1895,PROCACCINI GIULIO CESARE
1896,PROCACCINI GIULIO CESARE
1897,PROCOPIO
1898,PULCI LUIGI
1899,QUADRONNO
1900,QUARENGHI GIACOMO
1901,QUINTO ROMANO
1902,QUINTO ROMANO
1903,RASORI GIOVANNI
1904,RASORI GIOVANNI
1905,RASORI GIOVANNI
1906,RAVIZZA CARLO
1907,REGALDI GIUSEPPE
1908,REMBRANDT
1909,REMBRANDT
1910,REMBRANDT
1911,REMBRANDT
1912,REMBRANDT
1913,REMBRANDT
1914,REMBRANDT
1915,REZIA
1916,RICCIARELLI DANIELE
1917,RICORDI GIOVANNI
1918,RIMINI
1919,RIMINI
1920,RIPAMONTI GIUSEPPE
1921,RIPAMONTI GIUSEPPE
1922,RIPAMONTI GIUSEPPE
1923,RIPAMONTI GIUSEPPE
1924,RIPAMONTI GIUSEPPE
1925,RIPAMONTI GIUSEPPE
1926,RIPAMONTI GIUSEPPE
1927,RIPAMONTI GIUSEPPE
1928,
1929,RISMONDO FRANCESCO
1930,RISMONDO FRANCESCO
1931,RISMONDO FRANCESCO
1932,RISMONDO FRANCESCO
1933,RIVA DI TRENTO
1934,ROCCA D'ANFO
1935,ROMBON
1936,ROMBON
1937,ROMBON
1938,ROMEO NICOLA
1939,ROMILLI ARCIVESCOVO
1940,ROMILLI ARCIVESCOVO
1941,RONCAGLIA
1942,RONCHI
1943,RONCHI
1944,
1945,ROSMINI ANTONIO
1946,
1947,ROSSI PELLEGRINO
1948,ROSSI PELLEGRINO
1949,ROSSI PELLEGRINO
1950,ROVERETO
1951,RUBENS PIETRO
1952,RUCELLAI BERNARDO
1953,RUCELLAI BERNARDO
1954,RUGGERO DI LAURIA
1955,RUSSO VINCENZO
2011,S. GIOV. SUL MURO
1956,SACCO LUIGI
1957,SAINT BON SIMONE
1958,SALVEMINI GAETANO
1959,SALVINI TOMMASO
1960,
1961,SAMMARTINI GIOVANNI BATTISTA
1962,SAN BERNARDO
1963,SAN FAUSTINO
1965,SAN GREGORIO
1966,SAN MAMETE
1967,SAN MARCO
1968,SAN MARTINO
1969,SAN MAURILIO
1970,SAN PAOLINO
1971,SAN PIETRO ALL'ORTO
1972,SAN SIRO
1980,SAN TOMASO
1981,SAN TOMASO
1964,SANFELICE LUISA
1974,SANT' AMPELLIO
1975,SANT' ANDREA
1982,SANT' UGUZZONE
1973,SANTA MONICA
1976,SANTA RADEGONDA
1977,SANTA RITA DA CASCIA
1978,SANTA SOFIA
1979,
1983,SANZIO RAFFAELLO
1984,SANZIO RAFFAELLO
1985,SAPONARO MICHELE
1986,SAPRI
1987,SARDEGNA
1988,SATTA SEBASTIANO
1989,SAULI SANT' ALESSANDRO
1990,SAVOLDO GIAN GIROLAMO
1991,SAVONA
1992,SAVONA
1993,SAVONA
1994,SCALVINI GIOVITA
1995,SCANINI ALESSANDRO
1996,SCROSATI LUIGI
1997,SEBASTIANO DEL PIOMBO
1998,SEBENICO
1999,SEBINO
2000,SEBINO
2001,SENATO
2002,SERAO MATILDE
2003,SERCOGNANI GIUSEPPE
2004,SERLIO SEBASTIANO
2005,SETTALA LODOVICO
2006,SETTALA LODOVICO
2009,SETTEMBRINI LUIGI
2007,SETTEMBRINI LUIGI
2008,SETTEMBRINI LUIGI
2010,SFORZA ASCANIO
2012,SIGIERI GOFFREDO
2013,SILVA GUGLIELMO
2014,SILVA GUGLIELMO
2015,SILVA GUGLIELMO
2016,SIMONETTA CICCO
2017,SIRTORI GIUSEPPE
2018,SISMONDI GIANCARLO
2019,SISMONDI GIANCARLO
2020,SLATAPER SCIPIO
2021,SODERINI LUIGI
2022,SODERINI LUIGI
2023,SOLARI ANDREA
2024,SOLARI ANDREA
2025,SOLARI ANDREA
2026,SOLARI ANDREA
2027,SOLARI ANDREA
2028,SOLFERINO
2029,SOTTOCORNO PASQUALE
2030,SOTTOCORNO PASQUALE
2031,SPARTACO
2032,SPONTINI GASPARE
2033,STAMPA
2034,STAZIO CECILIO
2035,STEPHENSON GIORGIO
2036,STOPPANI ANTONIO
2037,STOPPANI ANTONIO
2038,STRADELLA ALESSANDRO
2039,STRESA
2040,SULMONA
2041,TADINO ALESSANDRO
2042,TAGIURA
2043,TAGLIAMENTO
2044,TARRA GIULIO
2045,TARTINI GIUSEPPE
2046,TAVAZZANO
2047,TAVAZZANO
2049,TEANO
2048,TEANO
2050,TEODOSIO
2051,TEODOSIO
2052,TEODOSIO
2053,TERAMO
2054,TERTULLIANO
2055,TEULIE' PIETRO
2056,THAON DI REVEL GENOVA
2057,TIEPOLO GIAN BATTISTA
2058,TIRABOSCHI GEROLAMO
2059,TIRSO
2060,TITO LIVIO
2061,
2062,TOLSTOI LEONE
2063,TOLSTOI LEONE
2064,TORRE CARLO
2065,TORRICELLI EVANGELISTA
2066,TOSCOLANO
2067,TRAIANO MARCO ULPIO
2068,TRAIANO MARCO ULPIO
2069,TRAU'
2070,TRIESTE
2071,TRILUSSA
2072,TRIVULZIO ANTONIO TOLOMEO
2073,UBERTI GIULIO
2074,UGONI CAMILLO
2075,VAL BAVONA
2076,VAL CISMON
2078,VAL D'INTELVI
2077,VAL DI BONDO
2079,VAL DI SOLE
2080,VAL DI SOLE
2082,VAL GARDENA
2089,VAL LEVENTINA
2090,VAL MAIRA
2091,VAL MESOLCINA
2094,VAL TROMPIA
2095,VAL TROMPIA
2096,VAL TROMPIA
2081,VALFURVA
2083,VALLA LORENZO
2084,
2085,VALLARSA
2086,VALLAZZE
2087,VALLAZZE
2088,VALLAZZE
2092,VALPARAISO
2093,
2097,VANVITELLI LUIGI
2098,
2099,VARANINI LUIGI
2100,VARANINI LUIGI
2101,VARESE
2102,VARESE
2103,VENEZIANO DOMENICO
2104,VENIERO SEBASTIANO
2105,VENINI GIULIO E CORRADO
2106,VENINI GIULIO E CORRADO
2107,VENINI GIULIO E CORRADO
2108,VENINI GIULIO E CORRADO
2109,VENINI GIULIO E CORRADO
2110,VENOSA
2111,VERATTI LUIGI
2112,VERGA ANDREA
2113,VERITA' DON GIOVANNI
2114,VERRO BERNARDINO
2115,VERRO BERNARDINO
2116,VESPRI SICILIANI
2117,VESPRI SICILIANI
2118,
2119,VIGEVANO
2120,VIGNA
2121,VIGNATI CESARE
2122,VIGNOLA
2123,VIGNOLI TITO
2124,VILLORESI EUGENIO
2125,VILLORESI EUGENIO
2126,VIPACCO
2127,
2128,VISCONTI D'ARAGONA ALESSANDRO
2129,VISCONTI DI MODRONE UBERTO
2130,VITRUVIO
2131,VIVAIO
2132,VODICE
2133,VOLTURNO
2134,VOLVINIO
2135,WASHINGTON GIORGIO
2136,WASHINGTON GIORGIO
2137,
2138,ZANOLI ALESSANDRO
2139,ZANOLI ALESSANDRO
2140,ZANTE
2141,ZEZON ACHILLE
2142,ZURETTI GIANFRANCO
2143,ZURETTI GIANFRANCO
2144,ZURETTI GIANFRANCO
2145,ZURETTI GIANFRANCO
2146,ABRUZZI
2147,ABRUZZI
2148,ABRUZZI
2149,ABRUZZI
2150,ARETUSA
2151,ARGONNE
2152,ARGONNE
2153,ARGONNE
2154,BACCHIGLIONE
2155,BEZZI ERGISTO
2156,BLIGNY
2157,BLIGNY
2158,BODIO LUIGI
2159,BRENTA
2160,BRENTA
2161,BRIANZA
2162,BRIANZA
2163,CA' GRANDA
2164,CALDARA EMILIO
2165,CAMPANIA
2166,CAMPANIA
2167,CATERINA DA FORLI'
2168,CATERINA DA FORLI'
2169,CATERINA DA FORLI'
2170,CATERINA DA FORLI'
2171,CATERINA DA FORLI'
2172,CERTOSA
2173,CERTOSA
2174,CERTOSA
2175,CERTOSA
2176,CIRENE
2177,COL DI LANA
2178,CONI ZUGNA
2179,CONI ZUGNA
2180,CORSICA
2181,CORSICA
2182,CORSICA
2183,CORSICA
2184,
2185,DEI MILLE
2186,
2187,DORIA ANDREA
2188,DORIA ANDREA
2189,DORIA ANDREA
2190,ESPINASSE CARLO
2192,FAENZA
2191,FAENZA
2193,GIOVANNI DA CERMENATE
2194,GIOVANNI DA CERMENATE
2195,GRAN SASSO
2197,GRAN SASSO
2196,GRAN SASSO
2198,JENNER EDOARDO
2199,JENNER EDOARDO
2200,JENNER EDOARDO
2201,LANCETTI VINCENZO
2202,LAZIO
2203,LIGURIA
2204,LOMBARDIA
2205,LUCANIA
2206,LUCANIA
2207,LUCANIA
2208,MOLISE
2209,MONTE CENERI
2210,MONTE NERO
2211,MONTE NERO
2212,MONTE NERO
2213,MONZA
2214,MONZA
2215,MONZA
2216,MONZA
2217,MONZA
2218,MONZA
2219,MONZA
2220,MONZA
2221,
2222,
2223,
2224,MURILLO S.B.
2225,ORIONE DON LUIGI
2226,ORIONE DON LUIGI
2227,PAPINIANO
2228,PISA
2230,RANZONI DANIELE
2229,RANZONI DANIELE
2231,RANZONI DANIELE
2232,RANZONI DANIELE
2233,
2234,RODI
2235,ROMAGNA
2236,SABOTINO
2237,SAN GIMIGNANO
2238,SAN GIMIGNANO
2239,SAN GIMIGNANO
2240,
2241,SAN MICHELE DEL CARSO
2242,SARCA
2243,SARCA
2244,SAURO NAZARIO
2245,STEFINI EVARISTO
2246,STELVIO
2247,STELVIO
2248,STELVIO
2249,STELVIO
2250,SUZZANI GIOVANNI
2251,SUZZANI GIOVANNI
2252,SUZZANI GIOVANNI
2253,TESTI FULVIO
2254,TESTI FULVIO
2255,TESTI FULVIO
2256,TIBALDI
2257,TIBALDI
2258,TROYA CARLO
2259,TUNISIA
2260,TUNISIA
2261,UMBRIA
2262,UMBRIA
2263,UMBRIA
2264,ZARA
2265,ZARA
2266,ZARA
2267,GIARDINO
2270,ALDINI ANTONIO
2271,PAVIA
2268,SOLARI ANDREA
2269,MONZA
2272,GIOVIO PAOLO
2328,MAGENTA
2329,MONFORTE
2330,MONFORTE
2331,ZANDONAI RICCARDO
2332,SIENA
2333,BAGAROTTI MAFFEO
2334,BRONZINO
2335,BUGATTI ETTORE
2336,CASATI FELICE
2337,COMPAGNONI GIUSEPPE
2338,MARCO D'AGRATE
2339,MILAZZO
2340,
2341,NOVARO MICHELE
2342,ORNATO LUIGI
2343,OZANAM FEDERICO
2344,PLINIO CAIO SECONDO
2345,PRIMATICCIO FRANCESCO
2346,SANT' ANDREA
2347,SENATO
2348,TEODOSIO
2349,TOLSTOI LEONE
2350,DI PORTA ROMANA
2351,GENOVA
2352,SAN GOTTARDO
2353,GRANDI GIUSEPPE
2354,ACERBI ENRICO
2355,ASELLI GASPARE
2356,
2357,BOCCACCIO GIOVANNI
2358,BONI GIACOMO
2359,CASORETTO
2360,CASTEL MORRONE
2361,
2362,CUSAGO
2363,
2364,DOGANA
2365,LAMPUGNANO
2366,LATTANZIO
2367,PAOLO DA CANNOBIO
2368,PLINIO CAIO SECONDO
2369,PONTE NUOVO
2370,TAJANI FILIPPO
2371,UBERTI GIULIO
2372,VITRUVIO
2284,VITTORIO EMANUELE II
2285,
2286,BOCCACCIO GIOVANNI
2287,DEI CONTARINI
2288,LARGA
2289,MECENATE
2290,MERLO CARLO GIUSEPPE
2291,PRINA GIUSEPPE
2292,SANTA MARIA VALLE
2293,SPADARI
2294,CORSICA
2295,SEI FEBBRAIO
2296,ALBERTI LEON BATTISTA
2297,DEGLI OMENONI
2298,MANIN DANIELE
2299,RICOTTI ERCOLE
2300,SENATO
2301,BRIANZA
2302,FAMAGOSTA
2303,ROMAGNA
2304,
2305,F.LLI CAMPI
2306,POLIBIO
2307,ROMILLI ARCIVESCOVO
2308,TADINO ALESSANDRO
2309,TIZIANO VECELLIO
2310,ANACREONTE
2311,BONNET NINO
2312,FARINI CARLO
2313,MONTI VINCENZO
2314,ROTONDI GIOVANNI
2315,VALLE ANTRONA
2316,VITTANI GIOVANNI
2317,CERTOSA
2318,CONI ZUGNA
2319,PISANI VITTOR
2320,LEGIONI ROMANE
2321,ADIGRAT
2322,ANFOSSI AUGUSTO
2323,RUTILIA
2324,MATTEOTTI GIACOMO
2325,BASSI UGO
2326,
2327,SAN MICHELE DEL CARSO
2273,AGUDIO TOMMASO
2274,CANONICA LUIGI
2275,CARCANO FILIPPO
2276,CONTE ROSSO
2277,FOPPA VINCENZO
2278,NATTA GIULIO
2279,PELIZZA DA VOLPEDO
2280,PURICELLI GIAN PIETRO
2281,REMBRANDT
2282,SAFFI AURELIO
2283,TORINO
2373,CANTONI GIOVANNI
2374,FOPPA VINCENZO
2375,MARCELLO BENEDETTO
2376,NAVIGLIO PAVESE
2377,NAVIGLIO PAVESE
2378,COLOMBO CRISTOFORO
2379,DI PORTA ROMANA
2380,DI PORTA TICINESE
2381,GENOVA
2382,LODI
2383,LODI
2384,LODI
2385,LODI
2386,VENTIDUE MARZO
2387,SCALABRINI GIOVANNI BATTISTA
2388,SCHUSTER ILDEFONSO
2389,SETTIMIO SEVERO
2390,TEL AVIV
2391,VULCI
2392,CORVETTO LUIGI EMANUELE
2393,DATEO
2394,FERRARA
2395,LUGANO
2396,MACIACHINI CARLO
2397,SUSA
2398,AMATI CARLO
2399,BONOMELLI GEREMIA
2400,CAIAZZO
2401,CARRARA FRANCESCO
2402,CASTELLI POMPEO
2403,DE ANGELI ERNESTO
2404,GRAMSCI ANTONIO
2405,GRANDI GIUSEPPE
2406,GRECO
2407,LEGA LOMBARDA
2408,LUIGI DI SAVOIA
2409,MIANI GUGLIELMO
2410,MINNITI TITO
2411,MONTE FALTERONA
2412,MORBEGNO
2413,
2414,PIO XI
2415,SANTA MARIA DEL SUFFRAGIO
2416,SEI FEBBRAIO
2417,SICILIA
2418,DI PTA TICINESE
2419,ABAMONTI GIUSEPPE
2420,ADIGE
2421,ALBRICCI ALBERICO
2422,ALCUINO
2423,ALGAROTTI FRANCESCO
2424,AMADEO GIAN ANTONIO
2425,AMADEO GIAN ANTONIO
2426,
2427,ANGERA
2428,ANGUISSOLA SOFONISBA
2429,ANTONINI GIACOMO
2430,ANZANI FRANCESCO
2431,ARCHIMEDE
2432,ARENA
2433,ARIBERTO DA INTIMIANO
2434,ARICI CESARE
2435,ASELLI GASPARE
2436,ASELLI GASPARE
2437,BALDINUCCI FILIPPO
2438,BALDINUCCI FILIPPO
2439,BALESTRIERI DOMENICO
2440,BARI
2441,BARONI COSTANTINO
2444,BASSI UGO
2442,BASSINI EDOARDO
2443,BASSINI EDOARDO
2445,BATTISTI CESARE
2446,BATTISTOTTI SASSI LUISA
2447,BELLARMINO ROBERTO
2448,BELLOTTI FELICE
2449,BENGASI
2450,BERGAMO
2451,BESSARIONE
2452,BIELLA
2453,BINDA AMBROGIO
2454,BIONDELLI BERNARDINO
2455,BIUMI PAOLO GEROLAMO
2456,BOCCACCIO GIOVANNI
2457,
2458,BONI GIACOMO
2459,BONI GIACOMO
2460,BONNET NINO
2461,
2462,BOSCOVICH RUGGERO
2463,BOTTA CARLO
2464,BREDA ERNESTO
2465,BRIOSCHI FRANCESCO
2466,BRIOSI GIOVANNI
2467,BUSSETO
2468,CACCIALEPORI
2469,CACCIATORI BENEDETTO
2470,CADIBONA
2471,CADORE
2473,CALIFORNIA
2472,CALIFORNIA
2474,CALVAIRATE
2475,CAMOZZI GABRIELE
2476,CANDIANI GIUSEPPE
2477,CANONICA LUIGI
2478,CAPECELATRO ALFONSO
2479,CASATI FELICE
2480,CASELLA GIOVANNI BATTISTA
2481,CASORETTO
2482,CASORETTO
2483,CASTALDI PANFILO
2484,CASTALDI PANFILO
2485,CAVALERI LUDOVICO
2486,CELESTINO IV
2487,CENISIO
2488,CENISIO
2489,CIAIA IGNAZIO
2490,
2491,
2492,CIMAROSA DOMENICO
2493,CINO DA PISTOIA
2494,CIVITALI MATTEO
2495,CODARA GIUSEPPE
2497,COLA DI RIENZO
2496,COLA DI RIENZO
2498,CONCILIO VATICANO II
2499,CONSOLE MARCELLO
2500,CONTE ROSSO
2501,CORREGGIO
2502,COSSERIA
2503,CREMA
2504,CURTATONE
2505,D'ADDA CARLO
2506,DAL POZZO TOSCANELLI PAOLO
2526,DE RUGGIERO GUIDO
2507,DEGLI IMBRIANI
2508,DEGLI IMBRIANI
2509,
2510,DEGLI ZUCCARO
2511,DEI CARAFA
2512,DEI FIORDALISI
2513,DEL BOLLO
2514,DEL DON
2522,DEL MAINO GIASONE
2523,DEL MELLA
2524,DEL TORCHIO
2525,DEL TURCHINO
2515,DELLA MOSCOVA
2516,DELLA MOSCOVA
2517,
2518,DELLE FORZE ARMATE
2519,DELLE FORZE ARMATE
2520,DELLE FORZE ARMATE
2521,DELLE FORZE ARMATE
2527,DOLCI CARLO
2528,DONIZETTI GAETANO
2529,
2530,EDOLO
2531,ELBA
2532,EMANUELE FILIBERTO
2533,EUSTACHI BARTOLOMEO
2545,F.LLI ANTONA TRAVERSI
2546,F.LLI INDUNO
2534,FALCONE
2535,FARA GUSTAVO
2536,FARINI CARLO
2537,FATEBENEFRATELLI
2538,FAUCHE' GIOVANNI BATTISTA
2539,FERRIERI ENZO
2540,FEZZAN
2541,FIAMMA GALVANO
2542,FILZI FABIO
2543,FILZI FABIO
2544,FILZI FABIO
2547,FORNARI PASQUALE
2548,GALLINA GIACINTO
2550,GALLURA
2549,GALLURA
2551,GHERARDINI GIOVANNI
2552,GIOIA MELCHIORRE
2553,GIOIA MELCHIORRE
2554,GIOVIO PAOLO
2555,GIUSTI GIUSEPPE
2556,GLUCK CRISTOFORO
2557,GOVONE GIUSEPPE
2558,GOVONE GIUSEPPE
2559,GRAZIANO IMPERATORE
2560,GREPPI MARCO
2561,GROSSICH ANTONIO
2562,GROSSICH ANTONIO
2563,HAYEZ FRANCESCO
2564,ILLIRICO
2565,IMBONATI CARLO
2566,INGANNI ANGELO
2567,JACOPO DAL VERME
2568,JAN GIORGIO
2569,LAGRANGE GIUSEPPE
2570,LEPONTINA
2571,LEPONTINA
2572,LESSONA MICHELE
2573,LODOVICO IL MORO
2574,LODOVICO IL MORO
2575,
2576,LOMAZZO PAOLO
2577,LOMBROSO CESARE
2578,LOMBROSO CESARE
2579,LORENTEGGIO
2580,LORENTEGGIO
2581,LORENTEGGIO
2582,LORENTEGGIO
2583,LOSANNA
2584,LUINI BERNARDINO
2585,MAC MAHON
2586,MALPIGHI MARCELLO
2587,MALPIGHI MARCELLO
2588,MANTOVA
2589,MARCHIONNI CARLOTTA
2590,MARCHIONNI CARLOTTA
2591,MARCO D'AGRATE
2592,MARCONA
2593,MAROCHETTI CARLO
2594,MAROCHETTI CARLO
2595,MARTINETTI PIERO
2596,MAZZOLARI DON PRIMO
2597,MECENATE
2598,MELZO
2599,MICHELINO DA BESOZZO
2600,MINCIO
2601,MOMIGLIANO ATTILIO
2602,MONDOVI'
2604,MONTE OLIVETO
2605,MONTE PALOMBINO
2603,MONTEGANI LODOVICO
2606,MONTI VINCENZO
2607,MONTI VINCENZO
2608,
2609,MORA GIAN GIACOMO
2610,MORGAGNI GIOVANNI BATTISTA
2611,MORGAGNI GIOVANNI BATTISTA
2612,MORONE GEROLAMO
2613,MOROSINI EMILIO
2614,MUSSI GIUSEPPE
2615,NEERA ANNA
2616,NEGROLI
2617,NERI POMPEO
2618,NOVARO MICHELE
2619,OLMETTO
2620,ORNATO LUIGI
2621,ORNATO LUIGI
2622,ORSINI VINCENZO GIORDANO
2623,ORTICA
2624,PACINI GIOVANNI
2625,PADOVA
2626,PADOVA
2627,PADOVA
2628,PADOVA
2629,PAGLIANO ELEUTERIO
2630,PALAZZI LAZZARO
2631,PALMANOVA
2632,PALMANOVA
2633,PAOLO DA CANNOBIO
2634,PAPI LAZZARO
2635,PARENZO
2636,PARETO VILFREDO
2637,PASCARELLA CESARE
2638,PASCOLI GIOVANNI
2639,PECCHIO GIUSEPPE
2640,PERGOLESI GIOVANNI BATTISTA
2641,PERUGINO
2642,PEZZOTTI GIOVANNI
2643,PIACENZA
2644,PIERI MARIO
2645,PIERO DELLA FRANCESCA
2646,PILO ROSOLINO
2647,PISANELLO
2648,PISANI VITTOR
2649,PISANI VITTOR
2650,PISTRUCCI SCIPIONE
2651,PITTERI RICCARDO
2652,PLINIO CAIO SECONDO
2653,PLINIO CAIO SECONDO
2654,PONALE
2655,PONCHIELLI AMILCARE
2656,PONTE NUOVO
2657,PONTE NUOVO
2658,PONTE SEVESO
2659,POPULONIA
2660,PORPORA NICOLA ANTONIO
2661,PORPORA NICOLA ANTONIO
2662,PRIMATICCIO FRANCESCO
2663,PROCACCINI GIULIO CESARE
2664,QUINTO ROMANO
2665,RAVIZZA CARLO
2666,REMBRANDT
2668,RIPAMONTI GIUSEPPE
2667,RIPAMONTI GIUSEPPE
2669,RIPAMONTI GIUSEPPE
2670,RIPAMONTI GIUSEPPE
2671,RISMONDO FRANCESCO
2672,RISMONDO FRANCESCO
2673,RIVA DI TRENTO
2674,ROMEO NICOLA
2675,RONCAGLIA
2676,RONCHI
2677,ROSSI PELLEGRINO
2678,ROVELLO
2679,ROVERETO
2680,ROVETTA GEROLAMO
2681,RUBENS PIETRO
2682,RUGGERO DI LAURIA
2683,RUSSO VINCENZO
2684,RUTILIA
2709,S. GIOV. SUL MURO
2685,SAINT BON SIMONE
2686,SAINT BON SIMONE
2687,SALASCO
2688,SALO'
2689,SAMMARTINI GIOVANNI BATTISTA
2691,SAN FERMO
2693,SAN MAMETE
2694,SAN MAMETE
2695,SAN MAURILIO
2696,SAN SIRO
2690,SAND GEORGE
2692,SANGALLO
2697,SANSOVINO
2700,SANT' ANATALONE
2698,SANTA MARIA FULCORINA
2699,SANTA MARIA VALLE
2701,SANZIO RAFFAELLO
2702,
2703,SAVONA
2704,SCHIAPARELLI GIOVANNI
2705,SCIESA AMATORE
2706,SEBASTIANO DEL PIOMBO
2707,SEBASTIANO DEL PIOMBO
2708,SEBETO
2710,SILVA GUGLIELMO
2711,SISMONDI GIANCARLO
2712,SODERINI LUIGI
2713,SODERINI LUIGI
2714,SOLARI ANDREA
2715,SOLARI ANDREA
2716,SOPERGA
2717,SOTTOCORNO PASQUALE
2718,STENDHAL ENRICO
2719,STOPPANI ANTONIO
2720,STROMBOLI
2721,SULMONA
2722,TABACCHI ODOARDO
2723,TADINO ALESSANDRO
2724,TARAMELLI TORQUATO
2725,TARRA GIULIO
2726,TARTINI GIUSEPPE
2727,TEODOSIO
2728,TERAMO
2729,TERMOPILI
2730,TITO LIVIO
2731,TIVOLI
2732,
2733,TOLSTOI LEONE
2734,TOLSTOI LEONE
2735,TORRICELLI EVANGELISTA
2736,TURATI FILIPPO
2737,URBANO III
2738,VAL DI SOLE
2741,VAL TROMPIA
2742,VAL TROMPIA
2739,VALFURVA
2740,VALLE ISORNO
2743,VANNUCCI ATTO
2744,VARANINI LUIGI
2745,VARANINI LUIGI
2746,VARE' GIOVANNI BATTISTA
2747,VENINI GIULIO E CORRADO
2748,VENINI GIULIO E CORRADO
2749,VERGATO
2750,VERRO BERNARDINO
2751,VIGEVANO
2752,VILLORESI EUGENIO
2753,VITTADINI CARLO
2754,WASHINGTON GIORGIO
2755,WASHINGTON GIORGIO
2756,WASHINGTON GIORGIO
2757,WASHINGTON GIORGIO
2758,WATT GIACOMO
2759,ZANOLI ALESSANDRO
2760,ZURETTI GIANFRANCO
2761,ZURETTI GIANFRANCO
2762,ABRUZZI
2763,AFFORI
2764,ARETUSA
2765,BEATRICE D'ESTE
2766,BLIGNY
2767,BRIANZA
2768,CAMPANIA
2769,CAMPANIA
2770,CASSALA
2771,CERTOSA
2772,CERTOSA
2773,CERTOSA
2774,CONI ZUGNA
2775,CORSICA
2776,CORSICA
2777,CRISPI FRANCESCO
2778,DELLE RIMEMBRANZE DI GRECO
2779,GIAN GALEAZZO
2780,
2781,GORIZIA
2782,JENNER EDOARDO
2783,MOLISE
2784,MONTE NERO
2785,MONZA
2786,MONZA
2787,MONZA
2788,MONZA
2789,MONZA
2790,PICENO
2791,PICENO
2792,PISA
2793,SABOTINO
2794,SAN GIMIGNANO
2795,SAN GIMIGNANO
2796,SAN MICHELE DEL CARSO
2797,SAN MICHELE DEL CARSO
2798,SERRA RENATO
2799,SUZZANI GIOVANNI
2800,SUZZANI GIOVANNI
2801,TEODORICO
2802,TESTI FULVIO
2803,TESTI FULVIO
2804,TESTI FULVIO
2805,TIBALDI
2806,TORELLI LUIGI
2807,TROYA CARLO
2808,UMBRIA
2809,UMBRIA
2810,UNGHERIA
2811,ZARA
2812,ZARA
2813,ZARA
2814,ZARA
2815,SAN GALDINO
2816,ATENE
2817,PETROCCHI POLICARPO
2818,FUSINA ANDREA
2819,GRANDI GIUSEPPE
2820,SANT' AMBROGIO
2821,CASTELLANZA
2822,CORRIDONI FILIPPO
2823,COSTA ANDREA
2824,GRAZIOLI DON BARTOLOMEO
2825,MODENA GUSTAVO
2826,PAISIELLO GIOVANNI
2827,QUARENGHI GIACOMO
2828,RICCIARELLI DANIELE
2829,RICCIARELLI DANIELE
2830,ROSSI PELLEGRINO
2831,SANTA TECLA
2832,VIGNOLI TITO
2833,SICILIA
2834,ABAMONTI GIUSEPPE
2835,BOTTICELLI SANDRO
2836,BRUNELLESCHI FILIPPO
2837,CABELLA BARTOLOMEO
2838,CARDINALE MEZZOFANTI
2839,DEI FONTANILI
2840,GIAMBELLINO
2841,GOLFO DEGLI ARANCI
2842,GROSOTTO
2843,IMBONATI CARLO
2844,
2845,
2846,OSIMO AUGUSTO
2847,QUARENGHI GIACOMO
2848,TEANO
2849,TRENNO
2850,VAL DI BONDO
2851,VITRUVIO
2852,VODICE
2853,AFFORI
2854,CERTOSA
2855,GAIO
2865,VITTORIO VENETO
2866,STEFINI EVARISTO
2860,SELLA QUINTINO
2861,TORTONA
2862,SOLFERINO
2863,CADORNA LUIGI
2864,MEDA GIUSEPPE
2856,PADOVA
2857,MONZA
2858,UNGHERIA
2859,CUSANI
2867,BONCOMPAGNI CARLO
2889,CIARDI GUGLIELMO
2890,BURLAMACCHI FRANCESCO
2891,PADOVA
2892,DELLA ROBBIA LUCA
2871,DI PORTA LODOVICA
2872,FERABOLI ACHILLE
2873,SANT' ELEMBARDO
2874,LIGURIA
2875,VITTORIO EMANUELE II
2876,DE ANGELI ERNESTO
2877,BIXIO NINO
2878,FILZI FABIO
2879,KRAMER ANTONIO
2880,MAZZINI GIUSEPPE
2881,MODENA GUSTAVO
2882,PARINI GIUSEPPE
2883,SALVINI TOMMASO
2884,
2885,CINQUE GIORNATE
2886,PAOLO DA CANNOBIO
2887,PRINA GIUSEPPE
2888,TITO LIVIO
2868,CESARE DA SESTO
2869,COLONNA MARCO ANTONIO
2870,GONZAGA MAURIZIO
2893,TEL AVIV
2894,CADORNA LUIGI
2895,BAZZI GIOVANNI ANTONIO
2896,MISSORI GIUSEPPE
2897,ALBANI FRANCESCO
2898,ARBE
2899,BRISA
2900,CASTALDI PANFILO
2901,CERVIGNANO
2902,DELLE FORZE ARMATE
2903,LECCO
2904,MAURI ANGELO
2905,NEERA ANNA
2906,RIMINI
2907,TEODOSIO
2908,ARETUSA
2909,BEZZI ERGISTO
2910,NAVIGLIO PAVESE
3169,NAVIGLIO GRANDE
3170,DI PORTA VOLTA
3171,BUENOS AIRES
3172,BUENOS AIRES
3173,BUENOS AIRES
3174,BUENOS AIRES
3175,BUENOS AIRES
3176,DI PORTA ROMANA
3177,DI PORTA ROMANA
3178,DI PORTA VITTORIA
3179,DI PORTA VITTORIA
3180,DI PORTA VITTORIA
3181,GARIBALDI GIUSEPPE
3182,ITALIA
3183,ITALIA
3184,LODI
3185,LODI
3186,LODI
3187,LODI
3188,MAGENTA
3189,MAGENTA
3190,
3191,SAN GOTTARDO
3192,SEMPIONE
3193,VENEZIA
3194,VENTIDUE MARZO
3195,VENTIDUE MARZO
3196,VENTIDUE MARZO
3197,VERCELLI
3198,VERCELLI
3199,VERCELLI
3200,VERCELLI
3201,CORSIA DEI SERVI
3202,RICHINI FRANCESCO
3203,RICHINI FRANCESCO
3204,SETTIMIO SEVERO
3205,TOSCANINI ARTURO
3206,BARACCA FRANCESCO
3207,CANTORE ANTONIO
3208,ISTRIA
3209,BOSSI MAURILIO
3210,GIORDANO UMBERTO
3211,ASPROMONTE
3212,BORROMEO
3213,CAIAZZO
3214,CINQUE GIORNATE
3215,CINQUE GIORNATE
3216,DE ANGELI ERNESTO
3217,DEL DUOMO
3218,DELLA REPUBBLICA
3219,GRAMSCI ANTONIO
3220,MELOZZO DA FORLI'
3221,MIANI GUGLIELMO
3222,NAPOLI
3223,PIO XI
3224,SAN FEDELE
3225,SANT' AMBROGIO
3226,VESUVIO
3227,DI PTA TICINESE
3228,DI PTA TICINESE
3229,ALBERTI LEON BATTISTA
3230,ANFITEATRO
3231,ANFOSSI AUGUSTO
3232,ARCHIMEDE
3233,ARCO
3234,ASSIETTA
3235,ASTESANI ALESSANDRO
3236,AUSONIO
3237,BAINSIZZA
3238,BARACCHINI FLAVIO
3239,BATTISTOTTI SASSI LUISA
3240,BELLINI GENTILE
3241,BENACO
3242,BERGAMO
3243,BERGOGNONE AMBROGIO DA FOSSANO
3244,BIONDI EZIO
3245,BOCCACCIO GIOVANNI
3246,BOCCACCIO GIOVANNI
3247,
3248,BOSCHETTI ERASMO
3249,BOSCOVICH RUGGERO
3250,BRAGA GAETANO
3251,BRIOSCHI FRANCESCO
3252,BRIOSCHI FRANCESCO
3253,BROGGI GIUSEPPE
3254,BRUNO CASSINARI
3256,BRUZZESI GIACINTO
3255,BRUZZESI GIACINTO
3257,CACCIALEPORI
3258,CACCIATORI BENEDETTO
3259,CALVI PIETRO
3260,
3261,CANONICA LUIGI
3262,CANONICA LUIGI
3263,CAPECELATRO ALFONSO
3264,CAPECELATRO ALFONSO
3265,CAPECELATRO ALFONSO
3266,CAPPUCCIO
3267,CARDINALE MEZZOFANTI
3268,CARDUCCI GIOSUE'
3269,CARETTA ANNIBALE
3270,CASTALDI PANFILO
3271,CASTALDI PANFILO
3272,CELIO
3273,CERNUSCHI ENRICO
3274,CERVIGNANO
3275,
3276,CHIOGGIA
3279,COL MOSCHIN
3277,COLA DI RIENZO
3278,COLAUTTI ARTURO
3280,COLONNA VITTORIA
3281,COMPAGNONI GIUSEPPE
3282,CONCHETTA
3283,COPERNICO NICOLO'
3284,CORRENTI CESARE
3285,COSTA ANDREA
3286,CREMA
3287,CROCEFISSO
3288,CUNEO
3289,DE AMICIS EDMONDO
3290,DE AMICIS EDMONDO
3291,DEI CINQUECENTO
3292,DEI GRIMANI
3297,DEL PASSERO
3293,DELLA COMMENDA
3294,DELLE FORZE ARMATE
3295,DELLE FORZE ARMATE
3296,DELLE FORZE ARMATE
3298,DISCIPLINI
3299,DON BOSCO
3300,EGADI
3301,EUSTACHI BARTOLOMEO
3308,F.LLI BEOLCHI
3309,F.LLI BRONZETTI
3310,F.LLI BRONZETTI
3311,
3312,F.LLI RUFFINI
3302,FACCIOLI CESARE
3303,FALCONE
3304,FARINI CARLO
3305,FARINI CARLO
3306,FARNETI RODOLFO
3307,FILZI FABIO
3313,FONTANA
3314,FOPPA VINCENZO
3315,FRIULI
3316,GARIAN
3317,GIOIA MELCHIORRE
3318,GIOIA MELCHIORRE
3319,GIOIA MELCHIORRE
3320,GIOIA MELCHIORRE
3321,GORKI MASSIMO
3322,GOVONE GIUSEPPE
3323,GRAZIANO IMPERATORE
3324,GRIGNA
3325,GRIZIOTTI GIACOMO
3326,IMBONATI CARLO
3327,IMBONATI CARLO
3328,JAN GIORGIO
3329,LAGRANGE GIUSEPPE
3330,LAMARMORA ALFONSO
3331,LANINO BERNARDINO
3332,LARGA
3333,LASSALLE FERDINANDO
3334,LAZZARETTO
3335,LEGNANO
3336,LEPONTINA
3337,LITTA POMPEO
3338,LIVIGNO
3340,LOMAZZO PAOLO
3339,LOMAZZO PAOLO
3341,LOVANIO
3342,LUINI BERNARDINO
3343,MAC MAHON
3344,MAC MAHON
3345,MAIOCCHI ACHILLE
3347,MAMBRETTI ANTONIO
3346,MAMBRETTI ANTONIO
3348,MAMELI GOFFREDO
3349,MARCELLO BENEDETTO
3350,MARCELLO BENEDETTO
3351,MARCHESI POMPEO
3352,MARIANI POMPEO
3353,MASACCIO
3354,MASCHERONI LORENZO
3355,MASSARENTI GIUSEPPE
3356,MAURI ACHILLE
3357,MAURI ANGELO
3358,MAZZINI GIUSEPPE
3359,MAZZINI GIUSEPPE
3360,MELORIA
3361,MELZO
3362,
3363,MERCADANTE SAVERIO
3364,MILAZZO
3365,MONTE CENGIO
3366,MONTE NEVOSO
3367,MONTI VINCENZO
3368,MURATORI LODOVICO
3369,MUSSI GIUSEPPE
3370,OLGETTINA
3371,OLTROCCHI BALDASSARE
3372,ORTI
3373,OSOPPO
3374,OZANAM FEDERICO
3375,PADOVA
3377,PADOVA
3376,PADOVA
3378,PALAZZI LAZZARO
3379,PALEOCAPA PIETRO
3380,PANIZZI ANTONIO
3381,PAOLO DA CANNOBIO
3382,PAPI LAZZARO
3383,PARAVIA PIER ALESSANDRO
3384,PARINI GIUSEPPE
3385,PASCOLI GIOVANNI
3386,PECCHIO GIUSEPPE
3387,PERGOLESI GIOVANNI BATTISTA
3388,PERUGINO
3389,PETRELLA ERRICO
3390,PEZZOTTI GIOVANNI
3392,PIACENZA
3391,PIACENZA
3393,PIANELL SALVATORE
3394,PISACANE CARLO
3395,PLEZZO
3396,PONTE SEVESO
3397,PONTE SEVESO
3398,PORDENONE
3399,PORPORA NICOLA ANTONIO
3400,PORRO LAMBERTENGHI LUIGI
3401,PREVIATI GAETANO
3402,PRIMATICCIO FRANCESCO
3403,PRINA GIUSEPPE
3404,PRINA GIUSEPPE
3405,PRINCIPE EUGENIO
3406,PROCACCINI GIULIO CESARE
3407,RASORI GIOVANNI
3408,RASORI GIOVANNI
3409,REINA FRANCESCO
3410,RENZO E LUCIA
3411,ROMEO NICOLA
3412,RONCHI
3413,ROSMINI ANTONIO
3415,ROSSI PELLEGRINO
3414,ROSSINI GIOACCHINO
3417,RUBENS PIETRO
3416,RUBENS PIETRO
3433,S. GIOV. SUL MURO
3434,S. GIOV. SUL MURO
3418,SAN CALOCERO
3419,SAN GALDINO
3420,SAN PAOLO
3425,SAN TOMASO
3426,SAN VINCENZO
3422,SANT' ANDREA
3421,SANTA MARIA ALLA PORTA
3423,SANTA SOFIA
3424,SANTA TECLA
3427,SARPI FRA' PAOLO
3428,SARPI FRA' PAOLO
3429,SCHIAPARELLI GIOVANNI
3430,SEBASTIANO DEL PIOMBO
3431,SENATO
3432,SENATO
3435,SIGIERI GOFFREDO
3436,SILVA GUGLIELMO
3437,SOLFERINO
3438,SOLFERINO
3439,SOMMACAMPAGNA
3440,STRADIVARI ANTONIO
3441,STRAMBIO GAETANO
3442,TADINO ALESSANDRO
3443,TADINO ALESSANDRO
3444,TAGLIAMENTO
3445,TAORMINA
3446,TARTINI GIUSEPPE
3447,TEODOSIO
3448,TEODOSIO
3449,TEODOSIO
3450,TERAMO
3452,TIRABOSCHI GEROLAMO
3451,TIRABOSCHI GEROLAMO
3453,TITO LIVIO
3454,TIZIANO VECELLIO
3455,TORRIANI NAPO
3456,TOSI FRANCO
3457,TRAIANO MARCO ULPIO
3458,TURATI FILIPPO
3459,TURATI FILIPPO
3460,VALLAZZE
3461,VALLAZZE
3462,VERGATO
3463,VOLTA ALESSANDRO
3464,WASHINGTON GIORGIO
3465,WASHINGTON GIORGIO
3466,ZAMENHOF LUDOVICO LAZZARO
3467,ABRUZZI
3468,CERTOSA
3469,CERTOSA
3470,CERTOSA
3471,COL DI LANA
3472,CONI ZUGNA
3473,CONI ZUGNA
3474,CONI ZUGNA
3475,CORSICA
3476,DORIA ANDREA
3477,ISONZO
3478,LOMBARDIA
3479,LUCANIA
3480,MAJNO LUIGI
3481,MONTE CENERI
3483,MONTE NERO
3484,MONTE NERO
3482,MONTELLO
3485,MONZA
3486,MONZA
3488,MONZA
3487,MONZA
3489,MONZA
3490,MONZA
3491,MURILLO S.B.
3492,PASUBIO
3493,PIAVE
3494,REGINA GIOVANNA
3495,SABOTINO
3496,STELVIO
3497,STELVIO
3498,SUZZANI GIOVANNI
3499,TESTI FULVIO
3500,TESTI FULVIO
3501,TUNISIA
3502,UMBRIA
3503,UMBRIA
3505,GROSOTTO
3504,NERVESA
3506,DELLA REPUBBLICA
3507,GROSSI TOMMASO
3508,ANDEGARI
3509,MEDA GIUSEPPE
3510,NICCODEMI DARIO
3511,PORPORA NICOLA ANTONIO
3515,PERUGINO
3516,BUENOS AIRES
3517,BUENOS AIRES
3518,BUENOS AIRES
3519,BUENOS AIRES
3520,COMO
3521,COMO
3522,DI PORTA ROMANA
3523,DI PORTA ROMANA
3524,DI PORTA ROMANA
3525,DI PORTA ROMANA
3526,DI PORTA VITTORIA
3527,DI PORTA VITTORIA
3528,GARIBALDI GIUSEPPE
3529,
3530,GENOVA
3531,ITALIA
3532,LODI
3533,LODI
3534,
3535,MATTEOTTI GIACOMO
3536,PLEBISCITI
3537,SAN GOTTARDO
3539,SEMPIONE
3538,SEMPIONE
3540,SEMPIONE
3541,VENEZIA
3542,VENTIDUE MARZO
3543,BUONAPARTE
3544,BUENOS AIRES
3545,UNIONE
3546,UNIONE
3547,UNIONE
3548,GIAMBELLINO
3549,RICHINI FRANCESCO
3550,VULCI
3551,GIOVANNI DALLE BANDE NERE
3552,GIULIO CESARE
3553,GORINI PAOLO
3554,LAGOSTA
3555,LUGANO
3556,ASPARI DOMENICO
3558,DE ANGELI ERNESTO
3557,DE ANGELI ERNESTO
3559,DE ANGELI ERNESTO
3560,DEL ROSARIO
3561,GRECO
3562,MORBEGNO
3563,NAPOLI
3564,PIO XI
3565,STUPARICH CARLO
3566,VELASCA
3567,ACCADEMIA
3568,AGNELLO CON INGR. IN VIA SAN PAOLO
3569,ANFOSSI AUGUSTO
3570,APPENNINI
3571,APPIANI ANDREA
3572,ARGANINI GEROLAMO
3573,ARIOSTO LODOVICO
3574,ASTESANI ALESSANDRO
3575,AUSONIO
3576,AUSONIO
3577,BEATO ANGELICO
3578,BELLOTTI FELICE
3579,BENACO
3580,BERTINI GIOVANNI BATTISTA
3581,BIUMI PAOLO GEROLAMO
3582,BOERI GIOVANNI BATTISTA
3583,BONI GIACOMO
3584,BONI GIACOMO
3585,BORGONUOVO
3586,
3587,BRUNELLESCHI FILIPPO
3588,BUONARROTI MICHELANGELO
3589,CABELLA BARTOLOMEO
3590,CADORE
3591,CAGLIERO GIOVANNI
3592,CAMINADELLA
3593,CAMPERIO MANFREDO
3594,CAPECELATRO ALFONSO
3595,CAPPONI PIER LUIGI
3596,CARABELLI RODOLFO
3597,CARDUCCI GIOSUE'
3598,CARROCCIO
3599,CASATI FELICE
3600,CASATI FELICE
3601,CASCINA BELLARIA
3602,CASCINA BIANCA
3603,CASORETTO
3604,CASSINIS GIOVANNI BATTISTA
3605,CASTELVETRO LODOVICO
3606,CAVEZZALI FRANCESCO
3608,CENISIO
3607,CENISIO
3609,CENISIO
3610,CESARE DA SESTO
3611,CIRCO
3612,COLA DI RIENZO
3613,COLONNA MARCO ANTONIO
3614,CREMA
3615,CROCEFISSO
3616,CUCCHIARI DOMENICO
3617,D'ADDA CARLO
3618,DAL RE MARCANTONIO
3619,DE CRISTOFORIS CARLO
3620,DEI BENEDETTINI
3621,DEI FIORDALISI
3630,DEL VECCHIO POLITECNICO
3629,DELL' UNIONE
3622,DELLA COMMENDA
3623,DELLA MOSCOVA
3624,DELLE ANDE
3625,DELLE FORZE ARMATE
3626,DELLE FORZE ARMATE
3628,DELLE FORZE ARMATE
3627,DELLE FORZE ARMATE
3631,DOMENICHINO
3632,DON BOSCO
3633,EDOLO
3634,EMANUELE FILIBERTO
3642,F.LLI FRASCHINI
3635,FARA GUSTAVO
3636,FARINI CARLO
3637,FARUFFINI FEDERICO
3638,FARUFFINI FEDERICO
3639,FAUCHE' GIOVANNI BATTISTA
3640,FERRUCCI FRANCESCO
3641,FILZI FABIO
3643,FONSECA PIMENTEL ELEONORA
3644,FOPPA VINCENZO
3645,FRAPOLLI LUIGI
3646,FRESCOBALDI GEROLAMO
3647,GALLARATE
3648,GALLINA GIACINTO
3649,GARIAN
3650,GARIGLIANO
3651,GHERARDINI GIOVANNI
3652,GIAMBELLINO
3653,GIAMBELLINO
3654,GIOIA MELCHIORRE
3655,GIOVIO PAOLO
3656,GONZAGA MAURIZIO
3657,GRAZIOLI DON BARTOLOMEO
3658,GRIGNA
3659,GROSOTTO
3660,GROSSICH ANTONIO
3661,HUGO VICTOR
3662,IMBONATI CARLO
3663,KORISTKA FRANCESCO
3664,LOMBARDINI ELIA
3665,LORENTEGGIO
3666,LOSANNA
3667,MADERNA BRUNO
3668,MAFFEI ANDREA
3669,MANUZIO ALDO
3670,MARCIANO
3671,MARGHERA
3672,MASACCIO
3673,
3674,MAURI ANGELO
3675,MAZZINI GIUSEPPE
3676,
3677,MEDA GIUSEPPE
3678,MEDEGHINO
3679,MELZO
3680,
3681,MERAVIGLI
3682,MERCALLI GIUSEPPE
3683,MESTRE
3684,MICHETTI FRANCESCO PAOLO
3685,MILLELIRE DOMENICO
3686,MINCIO
3687,MONTE NAPOLEONE
3688,MONTE NAPOLEONE
3690,MONTE ROSA
3691,MONTE SAN GABRIELE
3689,MONTEPULCIANO
3692,MURAT GIOACCHINO
3693,MURATORI LODOVICO
3694,NOVARA
3695,OLMETTO
3696,ORIANI ALFREDO
3697,PADOVA
3698,PAGANO MARIO
3699,
3700,
3701,PAMPURI FRA' RICCARDO
3702,PARETO VILFREDO
3703,PARINI GIUSEPPE
3704,PASSARELLA
3705,PATTARI
3706,PAULLO
3707,PAVONI LODOVICO
3708,PELIZZA DA VOLPEDO
3709,PESTALOZZI GIOVANNI ENRICO
3710,PEZZOTTI GIOVANNI
3711,PIACENZA
3712,PIERLUIGI GIOVANNI DA PALESTRINA
3713,
3714,PINAMONTE DA VIMERCATE
3715,PINDARO
3716,PINTURICCHIO
3717,PIOMBINO
3718,
3719,PIRANESI GIOVANNI BATTISTA
3720,PISTRUCCI SCIPIONE
3721,PISTRUCCI SCIPIONE
3722,PRINCIPE EUGENIO
3723,PROCACCINI GIULIO CESARE
3724,PROCACCINI GIULIO CESARE
3725,PURICELLI GIAN PIETRO
3726,QUARENGHI GIACOMO
3727,RAVIZZA CARLO
3728,REGGIO
3729,REINA FRANCESCO
3730,REMBRANDT
3731,RENZO E LUCIA
3732,RESSI ADEODATO
3733,REZIA
3734,RIPAMONTI GIUSEPPE
3735,RIPAMONTI GIUSEPPE
3736,RIPAMONTI GIUSEPPE
3737,RIPAMONTI GIUSEPPE
3738,ROMANO GIULIO
3739,ROMEO NICOLA
3740,RUSSOLI FRANCO
3741,SALA DEI LONGOBARDI
3742,SAMBUCO
3745,SAN GREGORIO
3746,SAN MAMETE
3747,SAN MARTINO
3748,SAN PAOLO
3749,SAN SIRO
3753,SAN VITO
3752,SAN VITO
3743,SAND GEORGE
3744,SANGALLO
3750,SANTA MARIA VALLE
3751,SANTA RITA DA CASCIA
3754,SANZIO RAFFAELLO
3755,SARPI FRA' PAOLO
3756,SARPI FRA' PAOLO
3757,SAVOLDO GIAN GIROLAMO
3758,SAVONA
3759,SAVONA
3760,SAVONA
3761,SCARLATTI DOMENICO
3762,SCHIAPARELLI GIOVANNI
3763,SCIESA AMATORE
3764,
3765,SIGIERI GOFFREDO
3766,SIRTORI GIUSEPPE
3767,
3768,STAMPA
3769,STOPPANI ANTONIO
3770,TADINO ALESSANDRO
3771,TERTULLIANO
3772,TEULIE' PIETRO
3773,TOLSTOI LEONE
3774,TONOLI RITA
3775,TORINO
3776,TRINCEA DELLE FRASCHE
3777,VAL DI BONDO
3778,VAL DI LEDRO
3780,VAL MESOLCINA
3779,VALLA LORENZO
3781,VANNUCCI ATTO
3782,VARESINA
3783,VIGNOLI TITO
3784,VIPACCO
3785,VITTORINI ELIO
3786,VOLTA ALESSANDRO
3787,VOLVINIO
3788,WASHINGTON GIORGIO
3789,WASHINGTON GIORGIO
3790,WATT GIACOMO
3791,ZAMENHOF LUDOVICO LAZZARO
3792,ZAMENHOF LUDOVICO LAZZARO
3793,ZUCCOLI LUCIANO
3794,ABRUZZI
3795,ABRUZZI
3796,ABRUZZI
3797,BEATRICE D'ESTE
3798,BODIO LUIGI
3799,CA' GRANDA
3800,CASSALA
3801,
3802,CORSICA
3803,D'ANNUNZIO GABRIELE
3805,DELL' INNOVAZIONE
3804,DELLE RIMEMBRANZE DI LAMBRATE
3806,ESPINASSE CARLO
3807,FAMAGOSTA
3808,LEGIONI ROMANE
3809,LUCANIA
3810,MOLISE
3811,MONTE NERO
3812,MONZA
3813,MONZA
3814,PAPINIANO
3815,REGINA MARGHERITA
3816,ROMAGNA
3817,SABOTINO
3818,
3819,SAN MICHELE DEL CARSO
3820,SAN MICHELE DEL CARSO
3821,SARCA
3822,STELVIO
3823,TIBALDI
3824,UMBRIA
3825,UMBRIA
3826,VITTORIO VENETO
3827,VITTORIO VENETO
3828,ZARA
3832,BRUZZANO
3829,VERCELLI
3830,JACOPINO DA TRADATE
3831,SARPI FRA' PAOLO
3512,CADAMOSTO ALVISE
3513,CASSIODORO
3514,CONI ZUGNA
2981,COMO
2982,DI PORTA VIGENTINA
2983,LODI
2984,MAGENTA
2985,VENEZIA
2986,BUONAPARTE
2987,CADORNA LUIGI
2988,LUIGI DI SAVOIA
2989,DELLA GUASTALLA
2990,ABAMONTI GIUSEPPE
2991,BALESTRIERI DOMENICO
2992,CAMINADELLA
2993,DE ALESSANDRI GIOVANNI
2994,DEGLI OROMBELLI
2995,DEL DON
2996,
2998,F.LLI INDUNO
2997,FILIPPINO DEGLI ORGANI
2999,GARIGLIANO
3000,GIACOSA GIUSEPPE
3001,GIOIA MELCHIORRE
3002,GIOVIO PAOLO
3003,KRAMER ANTONIO
3004,MARGHERA
3005,MARINETTI FILIPPO TOMMASO
3006,MASOLINO DA PANICALE
3007,MUSSI GIUSEPPE
3008,OXILIA NINO
3009,
3010,PETRARCA FRANCESCO
3011,PIER LOMBARDO
3012,POGGIBONSI
3013,REMBRANDT
3014,ROTTA PAOLO
3015,SETTEMBRINI LUIGI
3016,SOLFERINO
3017,SOLFERINO
3018,SPALLANZANI LAZZARO
3019,SPALLANZANI LAZZARO
3020,TEODOSIO
3021,TORINO
3022,VESPRI SICILIANI
3023,VITTANI GIOVANNI
3024,WASHINGTON GIORGIO
3025,BLIGNY
3026,CONI ZUGNA
3027,ETIOPIA
3028,MONZA
3029,PICENO
3030,TIBALDI
3031,UMBRIA
3032,CIVITALI MATTEO
3033,SANTA RITA DA CASCIA
3034,SAN GOTTARDO
3035,CINCINNATO
3036,ADIGE
3037,ANDREA E PIETRO CASCELLA
3038,BOSCOVICH RUGGERO
3039,CIAIA IGNAZIO
3040,DEI BIANCOSPINI
3041,GALENO CLAUDIO
3042,
3043,GOVONE GIUSEPPE
3044,KRAMER ANTONIO
3045,LAMBRATE
3046,MAIOCCHI ACHILLE
3047,MENOTTI CIRO
3048,OZANAM FEDERICO
3049,PACINI GIOVANNI
3050,PALMA JACOPO
3051,PARENZO
3052,PLINIO CAIO SECONDO
3053,RUBENS PIETRO
3054,SANGIORGIO ABBONDIO
3055,SCARLATTI DOMENICO
3056,SEBASTIANO DEL PIOMBO
3057,SLATAPER SCIPIO
3058,TITO LIVIO
3060,VAL TROMPIA
3059,VALPARAISO
3061,ZANELLA GIACOMO
3062,CONCORDIA
3063,GRAMSCI ANTONIO
3064,NAPOLI
3065,BERRA DOMENICO
3066,CADORE
3067,FOGAZZARO ANTONIO
3068,GALLARATE
3069,GIOVIO PAOLO
3070,GOVONE GIUSEPPE
3071,MADDALENA
3072,MECENATE
3073,POLESINE
3074,RONCHI
3075,SACCONI GIUSEPPE
3076,SANZIO RAFFAELLO
3077,SOLFERINO
3078,TEODOSIO
3079,ZANELLA GIACOMO
3080,ABRUZZI
3081,FAMAGOSTA
3082,RANZONI DANIELE
3083,CONCORDIA
3084,SCALABRINI GIOVANNI BATTISTA
3085,BERGOGNONE AMBROGIO DA FOSSANO
3086,BONGHI RUGGERO
3087,CUSANI
3088,DANTE ALIGHIERI
3089,DEI TULIPANI
3090,FERRIERI ENZO
3091,FILZI FABIO
3092,FRANCHETTI RAIMONDO
3093,FRIULI
3094,GOVONE GIUSEPPE
3095,LORENZO DI CREDI
3096,LORIA MOISE'
3097,MANGIAGALLI LUIGI
3098,MARCO D'OGGIONO
3099,PADOVA
3100,PILO ROSOLINO
3101,PLANA GIOVANNI ANTONIO
3102,SAN MARCO
3103,SCARPA ANTONIO
3104,SOLARI ANDREA
3105,SOTTOCORNO PASQUALE
3106,TAVAZZANO
3107,TRAIANO MARCO ULPIO
3108,VAL DI SOLE
3109,VERITA' DON GIOVANNI
3110,VERRO BERNARDINO
3111,VIOTTI GIOVANNI BATTISTA
3112,
3113,
3114,
3115,DI PORTA ROMANA
3116,MAGENTA
3117,DUCA D'AOSTA
3118,ARISTOTELE
3119,BOSCOVICH RUGGERO
3120,LORENTEGGIO
3121,MORIGI
3122,SETTEMBRINI LUIGI
3123,SOLFERINO
3124,VALLAZZE
3125,ASTESANI ALESSANDRO
3126,PALMANOVA
3127,RAMAZZINI BERNARDINO
3128,TRIESTE
3129,UMBRIA
3130,DI PORTA VOLTA
3131,BUENOS AIRES
3132,DI PORTA VIGENTINA
3133,IMPERATORE TITO
3134,FABRIANO
3135,FELTRE
3136,GALILEI GALILEO
3137,GIAMBELLINO
3138,LOMAZZO PAOLO
3139,MAIOCCHI ACHILLE
3140,MAZZINI GIUSEPPE
3141,PONTI ANDREA
3142,RICCARDI PADRE PLACIDO
3146,S. GIOV. SUL MURO
3143,SANZIO RAFFAELLO
3144,SEBENICO
3145,SETTEMBRINI LUIGI
3147,TRIVULZIO ANTONIO TOLOMEO
3148,
3149,VIGEVANO
3150,VITRUVIO
3151,CAMPANIA
3152,UMBRIA
3153,VERCELLI
3154,STAZIONE DI PORTA GENOVA
3155,DELLA REPUBBLICA
3156,FRATTINI PIETRO
3157,PEREGO GIOVANNI
3158,BRUNACCI VINCENZO
3159,DELLE FORZE ARMATE
3160,FERABOLI ACHILLE
3161,PESTALOZZI GIOVANNI ENRICO
3162,PONALE
3164,S. GIOV. SUL MURO
3163,SAN MARCO
3165,TERRUGGIA GIOVANNI
3166,TRAU'
3167,ABRUZZI
3168,ROMOLO
2911,DI PORTA VIGENTINA
2912,ITALIA
2913,TOSCANINI ARTURO
2914,CADORNA LUIGI
2915,LUGANO
2916,BAZZI GIOVANNI ANTONIO
2917,LUIGI DI SAVOIA
2918,MONTE FALTERONA
2919,MONTI GIOSIA
2920,ARZAGA
2921,BALDISSERA ANTONIO
2922,BONI GIACOMO
2923,BROCCHI GIAN BATTISTA
2924,CALZECCHI TEMISTOCLE
2925,CARCANO FILIPPO
2926,CASTALDI PANFILO
2927,CATALANI ALFREDO
2928,COSSA PIETRO
2929,DEGLI IMBRIANI
2932,DEL RICORDO
2930,DELLA COMMENDA
2931,DELLE ASOLE
2933,FARINI CARLO
2934,FAUCHE' GIOVANNI BATTISTA
2935,FEZZAN
2936,GAMBOLOITA
2937,GARIGLIANO
2938,GULLI TOMMASO
2939,KORISTKA FRANCESCO
2940,LARIO
2941,LEOPARDI GIACOMO
2942,LULLI GIOVANNI
2943,MAESTRI CAMPIONESI
2944,MEDA GIUSEPPE
2945,MEDEGHINO
2946,
2947,MURAT GIOACCHINO
2948,OSTIGLIA
2949,PADOVA
2950,PAPI LAZZARO
2951,PARRAVICINI RAFFAELE
2952,PERGOLESI GIOVANNI BATTISTA
2953,PICHI MARIO
2954,PIRANESI GIOVANNI BATTISTA
2955,PODGORA
2956,PONTE NUOVO
2957,QUARANTA BERNARDO
2958,QUARENGHI GIACOMO
2959,REDI FRANCESCO
2960,REINACH ERNESTO
2961,SCIESA AMATORE
2962,SENATO
2963,SILVA GUGLIELMO
2964,TEANO
2965,TRECCANI DEGLI ALFIERI GIOVANNI
2966,BLIGNY
2967,CORSICA
2968,CORSICA
2969,LIGURIA
2970,MONZA
2971,MONZA
2972,MONZA
2973,REGINA MARGHERITA
2974,STELVIO
2975,TIBALDI
2977,LODI
2976,CESARE DA SESTO
2978,VAL DI SOLE
2979,MAGENTA
2980,GALVANI LUIGI
3833,VENTIDUE MARZO
3834,VERCELLI
3835,BACONE FRANCESCO
3836,ACERBI ENRICO
3837,ADRIANO PUBLIO ELIO
3838,ALDROVANDI ULISSE
3839,
3840,BERGOGNONE AMBROGIO DA FOSSANO
3841,BRIOSCHI FRANCESCO
3842,BRUSUGLIO
3843,CANONICA LUIGI
3844,CASCINA BELLARIA
3845,CASORETTO
3846,CINQUE MAGGIO
3847,EDOLO
3850,F.LLI ZOIA
3848,FACCHINETTI CIPRIANO
3849,FATEBENEFRATELLI
3851,GIOIA MELCHIORRE
3852,GOZZI GASPARE
3853,LITTA MODIGNANI ALESSANDRO
3854,MAC MAHON
3855,MARGHERA
3856,MILLELIRE DOMENICO
3857,NOVARA
3858,ORNATO LUIGI
3859,PARENZO
3860,PIACENZA
3861,PIRANESI GIOVANNI BATTISTA
3862,PLINIO CAIO SECONDO
3863,PONTI ETTORE
3864,REMBRANDT
3865,RIVA DI TRENTO
3866,ROGOREDO
3867,RUBENS PIETRO
3868,SAN MAMETE
3869,SEBENICO
3870,TARTINI GIUSEPPE
3871,TORRE CARLO
3873,VAL TROMPIA
3872,VALTELLINA
3874,VERTOIBA
3875,VIGEVANO
3876,VIPACCO
3877,VITRUVIO
3878,WITTGENS FERNANDA
3879,BEZZI ERGISTO
3880,CATERINA DA FORLI'
3881,CORSICA
3882,FAMAGOSTA
3883,MONZA
3884,MONZA
3885,SARCA
3886,MAGENTA
3887,UNIONE
3888,F.LLI ZAVATTARI
3889,FARINI CARLO
3890,GESSI ROMOLO
3891,PIRANESI GIOVANNI BATTISTA
3892,SATTA SEBASTIANO
3893,SPALLANZANI LAZZARO
3894,MONTE NERO
3895,CERADINI GIULIO
3896,DURER ALBERTO
3897,ZURETTI GIANFRANCO
3898,CASARSA
3899,CENISIO
3900,DEGLI IMBRIANI
3901,POMA CARLO
3902,VARESE
3903,WASHINGTON GIORGIO
3904,SARPI FRA' PAOLO
3905,DI PORTA TICINESE
3906,CANDOGLIA
3907,
3908,MADONNINA
1090,ALBERTINELLI MARIOTTO
1091,BARACCHINI FLAVIO
1092,BATTAGLIA NATALE
1093,BROGGI GIUSEPPE
1094,CREMA
1095,DELLE FORZE ARMATE
1096,ILLIRICO
1097,LECCO
1098,LODOVICO IL MORO
1099,MILLELIRE DOMENICO
1100,PARUTA PAOLO
1101,POLLAIUOLO ANTONIO
1102,RAVIZZA CARLO
1103,SERCOGNANI GIUSEPPE
1104,VIGEVANO
1105,BRIANZA
0,DEI GELSOMINI
1,FIDIA
2,ADIGE
3,BARACCHINI FLAVIO
4,BERGAMO
5,BOTTEGO VITTORIO
6,BRIOSCHI FRANCESCO
7,CUCCHIARI DOMENICO
8,JAN GIORGIO
9,LEGNONE
10,MELLONI MACEDONIO
11,NEGROLI
12,PALMANOVA
13,POLLAIUOLO ANTONIO
14,PORPORA NICOLA ANTONIO
15,PROCACCINI GIULIO CESARE
16,ROSSI PELLEGRINO
17,SANT' ANATALONE
18,SARPI FRA' PAOLO
19,SETTALA LODOVICO
20,STRAMBIO GAETANO
21,TENCA CARLO
22,TOSELLI PIETRO
23,VERITA' DON GIOVANNI
24,WATT GIACOMO
25,BLIGNY
26,CORSICA
27,SABOTINO
28,SABOTINO
29,SUZZANI GIOVANNI
30,TUNISIA
